id,symbol,last_price,best_bid,best_ask,spread,spread_percent,volume,timestamp
1,BTCIRT,12375346149.0,12350419259.0,12380141134.0,29721875.0,0.24065478569353888,0.0,1785495967
2,ETHIRT,365526499.0,364488234.0,365750000.0,1261766.0,0.3461746861216925,0.0,1785495967
3,BNBIRT,113833408.0,114332435.0,114500000.0,167565.0,0.1465594605765197,0.0,1785495967
4,SOLIRT,14197576.0,14216111.0,14234567.0,18456.0,0.12982453499413446,0.0,1785495967
5,XRPIRT,207395.0,207473.0,208155.0,682.0,0.3287174716710126,0.0,1785495967
6,DOGEIRT,13460.0,13417.0,13485.0,68.0,0.5068197063426996,0.0,1785495967
7,BTCIRT,12375346149.0,12346292038.0,12380141133.0,33849095.0,0.2741640558624213,0.0,1785495986
8,ETHIRT,365246582.0,364305817.0,365749999.0,1444182.0,0.39642024162353684,0.0,1785495986
9,BNBIRT,113833408.0,114332435.0,114500000.0,167565.0,0.1465594605765197,0.0,1785495986
10,SOLIRT,14197576.0,14216110.0,14234567.0,18457.0,0.12983157839943557,0.0,1785495986
11,XRPIRT,207395.0,207474.0,208155.0,681.0,0.32823389918736806,0.0,1785495986
12,DOGEIRT,13460.0,13417.0,13485.0,68.0,0.5068197063426996,0.0,1785495986
13,BTCIRT,12375346149.0,12346292039.0,12380141133.0,33849094.0,0.27416404774061737,0.0,1785495993
14,ETHIRT,365246582.0,364305817.0,365749999.0,1444182.0,0.39642024162353684,0.0,1785495993
15,BNBIRT,114500000.0,114500000.0,114967957.0,467957.0,0.40869606986899565,0.0,1785495993
16,SOLIRT,14197576.0,14216110.0,14234567.0,18457.0,0.12983157839943557,0.0,1785495993
17,XRPIRT,207395.0,207474.0,208155.0,681.0,0.32823389918736806,0.0,1785495993
18,DOGEIRT,13460.0,13417.0,13485.0,68.0,0.5068197063426996,0.0,1785495993
19,BTCIRT,12375346149.0,12340115707.0,12380141133.0,40025426.0,0.3243521126572205,0.0,1785496000
20,ETHIRT,365246582.0,364233147.0,365749999.0,1516852.0,0.41645083993412607,0.0,1785496000
21,BNBIRT,114500000.0,114500000.0,114967957.0,467957.0,0.40869606986899565,0.0,1785496000
22,SOLIRT,14197576.0,14216110.0,14234567.0,18457.0,0.12983157839943557,0.0,1785496000
23,XRPIRT,207395.0,207474.0,208155.0,681.0,0.32823389918736806,0.0,1785496000
24,DOGEIRT,13460.0,13425.0,13485.0,60.0,0.44692737430167595,0.0,1785496000
25,BTCIRT,12375346149.0,12340115708.0,12380141132.0,40025424.0,0.32435209642363266,0.0,1785496013
26,ETHIRT,365246582.0,364233147.0,365749999.0,1516852.0,0.41645083993412607,0.0,1785496013
27,BNBIRT,114500000.0,114500000.0,114967957.0,467957.0,0.40869606986899565,0.0,1785496013
28,SOLIRT,14197576.0,14210206.0,14234566.0,24360.0,0.17142608629318956,0.0,1785496013
29,XRPIRT,207395.0,207347.0,208155.0,808.0,0.3896849243056326,0.0,1785496013
30,DOGEIRT,13460.0,13422.0,13474.0,52.0,0.3874236328416033,0.0,1785496013
31,BTCIRT,12375346149.0,12341025309.0,12377008890.0,35983581.0,0.29157691601003427,0.0,1785496024
32,ETHIRT,365246582.0,364233147.0,365749999.0,1516852.0,0.41645083993412607,0.0,1785496024
33,BNBIRT,114500000.0,114500000.0,114967957.0,467957.0,0.40869606986899565,0.0,1785496024
34,SOLIRT,14197576.0,14210206.0,14234566.0,24360.0,0.17142608629318956,0.0,1785496024
35,XRPIRT,207395.0,207334.0,208155.0,821.0,0.3959794341497294,0.0,1785496024
36,DOGEIRT,13460.0,13420.0,13473.0,53.0,0.39493293591654244,0.0,1785496024
37,BTCIRT,12375346149.0,12341025309.0,12377008890.0,35983581.0,0.29157691601003427,0.0,1785496032
38,ETHIRT,365246582.0,364233147.0,365749999.0,1516852.0,0.41645083993412607,0.0,1785496032
39,BNBIRT,114500000.0,114500000.0,114967957.0,467957.0,0.40869606986899565,0.0,1785496032
40,SOLIRT,14197576.0,14210206.0,14234566.0,24360.0,0.17142608629318956,0.0,1785496032
41,XRPIRT,207395.0,207336.0,208155.0,819.0,0.39501099664313,0.0,1785496032
42,DOGEIRT,13460.0,13419.0,13473.0,54.0,0.4024144869215292,0.0,1785496032
43,BTCIRT,12375346149.0,12334851613.0,12377008890.0,42157277.0,0.3417736858347726,0.0,1785496039
44,ETHIRT,365246582.0,364233147.0,365749999.0,1516852.0,0.41645083993412607,0.0,1785496039
45,BNBIRT,114500000.0,114500000.0,114967957.0,467957.0,0.40869606986899565,0.0,1785496039
46,SOLIRT,14197576.0,14210206.0,14234566.0,24360.0,0.17142608629318956,0.0,1785496039
47,XRPIRT,207395.0,207336.0,208155.0,819.0,0.39501099664313,0.0,1785496039
48,DOGEIRT,13460.0,13420.0,13473.0,53.0,0.39493293591654244,0.0,1785496039
49,BTCIRT,12375346149.0,12334851614.0,12377008890.0,42157276.0,0.34177367769995454,0.0,1785496111
50,BNBIRT,114500000.0,114500000.0,114967957.0,467957.0,0.40869606986899565,0.0,1785496111
51,SOLIRT,14197576.0,14210206.0,14234566.0,24360.0,0.17142608629318956,0.0,1785496111
52,XRPIRT,208155.0,207258.0,208155.0,897.0,0.43279390904090553,0.0,1785496111
53,DOGEIRT,13460.0,13418.0,13468.0,50.0,0.3726337755254136,0.0,1785496111
54,BTCIRT,12375346149.0,12334592741.0,12374138307.0,39545566.0,0.3206069858192491,0.0,1785496119
55,ETHIRT,364233147.0,364233147.0,365566835.0,1333688.0,0.3661632695939121,0.0,1785496119
56,BNBIRT,114500000.0,114500000.0,114967957.0,467957.0,0.40869606986899565,0.0,1785496119
57,SOLIRT,14197576.0,14210206.0,14234566.0,24360.0,0.17142608629318956,0.0,1785496119
58,XRPIRT,208155.0,207258.0,208155.0,897.0,0.43279390904090553,0.0,1785496119
59,DOGEIRT,13460.0,13417.0,13471.0,54.0,0.40247447268390846,0.0,1785496119
60,BTCIRT,12375346149.0,12334592741.0,12374138307.0,39545566.0,0.3206069858192491,0.0,1785496126
61,ETHIRT,364233147.0,364233147.0,365566835.0,1333688.0,0.3661632695939121,0.0,1785496126
62,BNBIRT,114500000.0,114500000.0,114967957.0,467957.0,0.40869606986899565,0.0,1785496126
63,SOLIRT,14197576.0,14210206.0,14234566.0,24360.0,0.17142608629318956,0.0,1785496126
64,XRPIRT,208155.0,207258.0,208155.0,897.0,0.43279390904090553,0.0,1785496126
65,DOGEIRT,13460.0,13415.0,13459.0,44.0,0.32799105478941487,0.0,1785496126
66,BTCIRT,12375346149.0,12334592741.0,12374138307.0,39545566.0,0.3206069858192491,0.0,1785496133
67,ETHIRT,364233147.0,364233147.0,365351182.0,1118035.0,0.30695586308074263,0.0,1785496133
68,BNBIRT,114500000.0,114500000.0,114779081.0,279081.0,0.24373886462882097,0.0,1785496133
69,SOLIRT,14197576.0,14210206.0,14234567.0,24361.0,0.1714331234888502,0.0,1785496133
70,XRPIRT,208155.0,207247.0,208155.0,908.0,0.43812455668839595,0.0,1785496133
71,DOGEIRT,13460.0,13411.0,13476.0,65.0,0.484676757885318,0.0,1785496133
72,BTCIRT,12375346149.0,12334592741.0,12380141133.0,45548392.0,0.3692735784343964,0.0,1785496141
73,ETHIRT,364233147.0,364233147.0,365444718.0,1211571.0,0.3326361178215337,0.0,1785496141
74,BNBIRT,114500000.0,114500000.0,114909882.0,409882.0,0.3579755458515284,0.0,1785496141
75,SOLIRT,14197576.0,14210206.0,14234567.0,24361.0,0.1714331234888502,0.0,1785496141
76,XRPIRT,208155.0,207257.0,208155.0,898.0,0.4332784899906879,0.0,1785496141
77,DOGEIRT,13460.0,13416.0,13470.0,54.0,0.40250447227191416,0.0,1785496141
78,BTCIRT,12375346149.0,12334592741.0,12380141132.0,45548391.0,0.36927357032711616,0.0,1785496149
79,ETHIRT,364233147.0,364233147.0,365444717.0,1211570.0,0.33263584327211165,0.0,1785496149
80,BNBIRT,114500000.0,114500000.0,114909881.0,409881.0,0.357974672489083,0.0,1785496149
81,SOLIRT,14197576.0,14210206.0,14234566.0,24360.0,0.17142608629318956,0.0,1785496149
82,XRPIRT,208155.0,207243.0,208155.0,912.0,0.4400631143150794,0.0,1785496149
83,DOGEIRT,13460.0,13434.0,13470.0,36.0,0.2679767753461367,0.0,1785496149
84,BTCIRT,12375346149.0,12334592741.0,12380141131.0,45548390.0,0.3692735622198359,0.0,1785496156
85,ETHIRT,364233147.0,364233147.0,365444717.0,1211570.0,0.33263584327211165,0.0,1785496156
86,BNBIRT,114500000.0,114500000.0,114922604.0,422604.0,0.36908646288209607,0.0,1785496156
87,SOLIRT,14205045.0,14205045.0,14234566.0,29521.0,0.20782053136755288,0.0,1785496156
88,XRPIRT,208155.0,207245.0,208155.0,910.0,0.43909382614779613,0.0,1785496156
89,DOGEIRT,13460.0,13434.0,13469.0,35.0,0.2605329760309662,0.0,1785496156
90,BTCIRT,12375346149.0,12347550990.0,12380085942.0,32534952.0,0.2634931576824369,0.0,1785496203
91,ETHIRT,364233147.0,364233148.0,365444717.0,1211569.0,0.3326355678094406,0.0,1785496203
92,BNBIRT,114500000.0,114500000.0,114912254.0,412254.0,0.3600471615720524,0.0,1785496203
93,SOLIRT,14205045.0,14201763.0,14234567.0,32804.0,0.23098540653016109,0.0,1785496203
94,XRPIRT,208155.0,207261.0,208155.0,894.0,0.43134019424783243,0.0,1785496203
95,BTCIRT,12375346149.0,12336883154.0,12378438537.0,41555383.0,0.33683858784482734,0.0,1785496210
96,ETHIRT,364233147.0,364233148.0,365444717.0,1211569.0,0.3326355678094406,0.0,1785496210
97,BNBIRT,114500000.0,114260344.0,114763595.0,503251.0,0.4404423988081114,0.0,1785496210
98,SOLIRT,14205045.0,14200726.0,14234566.0,33840.0,0.23829767576671784,0.0,1785496210
99,XRPIRT,208155.0,207258.0,208124.0,866.0,0.4178367059413871,0.0,1785496210
100,DOGEIRT,13460.0,13423.0,13473.0,50.0,0.3724949713178872,0.0,1785496210
101,BTCIRT,12375346149.0,12330441417.0,12378438536.0,47997119.0,0.38925710261942686,0.0,1785496218
102,ETHIRT,364233147.0,364233148.0,365444717.0,1211569.0,0.3326355678094406,0.0,1785496218
103,BNBIRT,114500000.0,114260345.0,114763595.0,503250.0,0.440441519759108,0.0,1785496218
104,SOLIRT,14205045.0,14200725.0,14234566.0,33841.0,0.23830473444137537,0.0,1785496218
105,XRPIRT,208155.0,207258.0,208124.0,866.0,0.4178367059413871,0.0,1785496218
106,DOGEIRT,13460.0,13419.0,13473.0,54.0,0.4024144869215292,0.0,1785496218
107,BTCIRT,12375346149.0,12329745661.0,12376753730.0,47008069.0,0.38125741026994897,0.0,1785496225
108,ETHIRT,364233147.0,364233147.0,365444717.0,1211570.0,0.33263584327211165,0.0,1785496225
109,BNBIRT,114500000.0,114260345.0,114763595.0,503250.0,0.440441519759108,0.0,1785496225
110,SOLIRT,14205045.0,14200725.0,14234566.0,33841.0,0.23830473444137537,0.0,1785496225
111,XRPIRT,208155.0,207258.0,208124.0,866.0,0.4178367059413871,0.0,1785496225
112,DOGEIRT,13460.0,13419.0,13468.0,49.0,0.3651538862806468,0.0,1785496225
113,BTCIRT,12375346149.0,12333910528.0,12374450284.0,40539756.0,0.3286853419924533,0.0,1785496233
114,ETHIRT,364233147.0,364233147.0,365444717.0,1211570.0,0.33263584327211165,0.0,1785496233
115,BNBIRT,114500000.0,114260345.0,114763595.0,503250.0,0.440441519759108,0.0,1785496233
116,SOLIRT,14205045.0,14200725.0,14234566.0,33841.0,0.23830473444137537,0.0,1785496233
117,XRPIRT,208155.0,207227.0,208124.0,897.0,0.43285865258870704,0.0,1785496233
118,DOGEIRT,13460.0,13419.0,13468.0,49.0,0.3651538862806468,0.0,1785496233
119,BTCIRT,12375346149.0,12333910529.0,12374450283.0,40539754.0,0.32868532575034703,0.0,1785496240
120,ETHIRT,364233147.0,364233147.0,365290802.0,1057655.0,0.29037856897741376,0.0,1785496240
121,BNBIRT,114500000.0,114260345.0,114763595.0,503250.0,0.440441519759108,0.0,1785496240
122,SOLIRT,14205045.0,14200725.0,14234566.0,33841.0,0.23830473444137537,0.0,1785496240
123,XRPIRT,208155.0,207226.0,208124.0,898.0,0.4333433063418683,0.0,1785496240
124,DOGEIRT,13460.0,13418.0,13468.0,50.0,0.3726337755254136,0.0,1785496240
125,BTCIRT,12375346149.0,12334315688.0,12374217115.0,39901427.0,0.3234993169407843,0.0,1785496247
126,ETHIRT,364233147.0,364233148.0,365290801.0,1057653.0,0.29037801908133853,0.0,1785496247
127,BNBIRT,114500000.0,114260345.0,114763595.0,503250.0,0.440441519759108,0.0,1785496247
128,SOLIRT,14205045.0,14200725.0,14234566.0,33841.0,0.23830473444137537,0.0,1785496247
129,XRPIRT,208155.0,207226.0,208124.0,898.0,0.4333433063418683,0.0,1785496247
130,DOGEIRT,13460.0,13418.0,13468.0,50.0,0.3726337755254136,0.0,1785496247
131,BTCIRT,12375346149.0,12334315688.0,12374217115.0,39901427.0,0.3234993169407843,0.0,1785496247
132,ETHIRT,364233147.0,364233148.0,365290801.0,1057653.0,0.29037801908133853,0.0,1785496247
133,BNBIRT,114500000.0,114260345.0,114763595.0,503250.0,0.440441519759108,0.0,1785496247
134,SOLIRT,14205045.0,14200725.0,14234566.0,33841.0,0.23830473444137537,0.0,1785496247
135,XRPIRT,208155.0,207226.0,208124.0,898.0,0.4333433063418683,0.0,1785496247
136,DOGEIRT,13460.0,13418.0,13468.0,50.0,0.3726337755254136,0.0,1785496247
137,BTCIRT,12375346149.0,12334315691.0,12367607610.0,33291919.0,0.26991297964176614,0.0,1785496254
138,ETHIRT,364233147.0,364233147.0,365290801.0,1057654.0,0.29037829442799173,0.0,1785496254
139,BNBIRT,114763595.0,114763595.0,114763596.0,1.0,8.713564610798398e-07,0.0,1785496254
140,SOLIRT,14205045.0,14200725.0,14234566.0,33841.0,0.23830473444137537,0.0,1785496254
141,XRPIRT,208155.0,207226.0,208124.0,898.0,0.4333433063418683,0.0,1785496254
142,DOGEIRT,13460.0,13418.0,13468.0,50.0,0.3726337755254136,0.0,1785496254
143,BTCIRT,12375346149.0,12333679009.0,12367607610.0,33928601.0,0.2750890547357523,0.0,1785496261
144,ETHIRT,364233147.0,364233147.0,365290801.0,1057654.0,0.29037829442799173,0.0,1785496261
145,BNBIRT,114763595.0,114260345.0,114763595.0,503250.0,0.440441519759108,0.0,1785496261
146,SOLIRT,14205045.0,14200725.0,14234566.0,33841.0,0.23830473444137537,0.0,1785496261
147,XRPIRT,208155.0,207226.0,208124.0,898.0,0.4333433063418683,0.0,1785496261
148,DOGEIRT,13460.0,13418.0,13468.0,50.0,0.3726337755254136,0.0,1785496261
149,BTCIRT,12375346149.0,12333679008.0,12367607609.0,33928601.0,0.2750890547580562,0.0,1785496269
150,ETHIRT,364233147.0,364233147.0,365290801.0,1057654.0,0.29037829442799173,0.0,1785496269
151,BNBIRT,114763595.0,114260344.0,114763595.0,503251.0,0.4404423988081114,0.0,1785496269
152,SOLIRT,14205045.0,14200725.0,14234566.0,33841.0,0.23830473444137537,0.0,1785496269
153,XRPIRT,208155.0,207226.0,208124.0,898.0,0.4333433063418683,0.0,1785496269
154,DOGEIRT,13460.0,13417.0,13468.0,51.0,0.3801147797570247,0.0,1785496269
155,BTCIRT,12375346149.0,12327508755.0,12367607609.0,40098854.0,0.32527946073237246,0.0,1785496317
156,ETHIRT,364233147.0,364233147.0,365290801.0,1057654.0,0.29037829442799173,0.0,1785496317
157,BNBIRT,114763595.0,114200547.0,114793961.0,593414.0,0.5196244813083075,0.0,1785496317
158,SOLIRT,14205045.0,14191692.0,14234566.0,42874.0,0.30210633094348444,0.0,1785496317
159,DOGEIRT,13460.0,13413.0,13463.0,50.0,0.3727726832177738,0.0,1785496317
160,BTCIRT,12375346149.0,12328112337.0,12365391196.0,37278859.0,0.30238902745975194,0.0,1785496324
161,ETHIRT,364233147.0,364233147.0,364880691.0,647544.0,0.17778283095140707,0.0,1785496324
162,BNBIRT,114793960.0,114200547.0,114793960.0,593413.0,0.5196236056557593,0.0,1785496324
163,SOLIRT,14205045.0,14191692.0,14234566.0,42874.0,0.30210633094348444,0.0,1785496324
164,XRPIRT,208155.0,207114.0,207980.0,866.0,0.4181272149637398,0.0,1785496324
165,DOGEIRT,13460.0,13413.0,13463.0,50.0,0.3727726832177738,0.0,1785496324
166,BTCIRT,12375346149.0,12328112337.0,12365391196.0,37278859.0,0.30238902745975194,0.0,1785496332
167,ETHIRT,364233147.0,364233147.0,364880691.0,647544.0,0.17778283095140707,0.0,1785496332
168,BNBIRT,114793960.0,114200547.0,114793960.0,593413.0,0.5196236056557593,0.0,1785496332
169,SOLIRT,14205045.0,14191692.0,14234566.0,42874.0,0.30210633094348444,0.0,1785496332
170,XRPIRT,208155.0,207114.0,207980.0,866.0,0.4181272149637398,0.0,1785496332
171,DOGEIRT,13460.0,13413.0,13463.0,50.0,0.3727726832177738,0.0,1785496332
172,BTCIRT,12375346149.0,12328112337.0,12365391196.0,37278859.0,0.30238902745975194,0.0,1785496339
173,ETHIRT,364233147.0,364233147.0,364880691.0,647544.0,0.17778283095140707,0.0,1785496339
174,BNBIRT,114793960.0,114200547.0,114793960.0,593413.0,0.5196236056557593,0.0,1785496339
175,SOLIRT,14205045.0,14191692.0,14234566.0,42874.0,0.30210633094348444,0.0,1785496339
176,XRPIRT,208155.0,207114.0,207980.0,866.0,0.4181272149637398,0.0,1785496339
177,DOGEIRT,13460.0,13413.0,13463.0,50.0,0.3727726832177738,0.0,1785496339
178,BTCIRT,12375346149.0,12328112337.0,12365391196.0,37278859.0,0.30238902745975194,0.0,1785496347
179,ETHIRT,364233147.0,364233147.0,364880691.0,647544.0,0.17778283095140707,0.0,1785496347
180,BNBIRT,114793960.0,114200547.0,114793960.0,593413.0,0.5196236056557593,0.0,1785496347
181,SOLIRT,14205045.0,14191692.0,14234566.0,42874.0,0.30210633094348444,0.0,1785496347
182,XRPIRT,208155.0,207114.0,207980.0,866.0,0.4181272149637398,0.0,1785496347
183,DOGEIRT,13460.0,13413.0,13463.0,50.0,0.3727726832177738,0.0,1785496347
184,BTCIRT,12375346149.0,12328112337.0,12365391196.0,37278859.0,0.30238902745975194,0.0,1785496355
185,ETHIRT,364233147.0,364233147.0,364880691.0,647544.0,0.17778283095140707,0.0,1785496355
186,BNBIRT,114793960.0,114200547.0,114793960.0,593413.0,0.5196236056557593,0.0,1785496355
187,SOLIRT,14205045.0,14191692.0,14234566.0,42874.0,0.30210633094348444,0.0,1785496355
188,XRPIRT,207720.0,207114.0,207980.0,866.0,0.4181272149637398,0.0,1785496355
189,DOGEIRT,13460.0,13413.0,13463.0,50.0,0.3727726832177738,0.0,1785496355
190,BTCIRT,12375346149.0,12328112337.0,12365391196.0,37278859.0,0.30238902745975194,0.0,1785496363
191,ETHIRT,364233147.0,364233147.0,364880691.0,647544.0,0.17778283095140707,0.0,1785496363
192,BNBIRT,114793960.0,114200547.0,114793960.0,593413.0,0.5196236056557593,0.0,1785496363
193,SOLIRT,14205045.0,14191692.0,14234566.0,42874.0,0.30210633094348444,0.0,1785496363
194,XRPIRT,207720.0,207114.0,207980.0,866.0,0.4181272149637398,0.0,1785496363
195,DOGEIRT,13460.0,13413.0,13463.0,50.0,0.3727726832177738,0.0,1785496363
196,BTCIRT,12375346149.0,12328112337.0,12365391196.0,37278859.0,0.30238902745975194,0.0,1785496370
197,ETHIRT,364233147.0,364233147.0,364880691.0,647544.0,0.17778283095140707,0.0,1785496370
198,BNBIRT,114793960.0,114200547.0,114793960.0,593413.0,0.5196236056557593,0.0,1785496370
199,SOLIRT,14205045.0,14191692.0,14234566.0,42874.0,0.30210633094348444,0.0,1785496370
200,XRPIRT,207720.0,207114.0,207980.0,866.0,0.4181272149637398,0.0,1785496370
201,DOGEIRT,13460.0,13413.0,13463.0,50.0,0.3727726832177738,0.0,1785496370
202,BTCIRT,12375346149.0,12328112337.0,12365391196.0,37278859.0,0.30238902745975194,0.0,1785496377
203,ETHIRT,364233147.0,364233147.0,364880691.0,647544.0,0.17778283095140707,0.0,1785496377
204,BNBIRT,114793960.0,114200547.0,114793960.0,593413.0,0.5196236056557593,0.0,1785496377
205,SOLIRT,14205045.0,14191692.0,14234566.0,42874.0,0.30210633094348444,0.0,1785496377
206,XRPIRT,207720.0,207114.0,207980.0,866.0,0.4181272149637398,0.0,1785496377
207,DOGEIRT,13460.0,13413.0,13463.0,50.0,0.3727726832177738,0.0,1785496377
208,BTCIRT,12375346149.0,12328112337.0,12365391196.0,37278859.0,0.30238902745975194,0.0,1785496385
209,ETHIRT,364233147.0,364233147.0,364880691.0,647544.0,0.17778283095140707,0.0,1785496385
210,BNBIRT,114793960.0,114200547.0,114793960.0,593413.0,0.5196236056557593,0.0,1785496385
211,SOLIRT,14205045.0,14191692.0,14234566.0,42874.0,0.30210633094348444,0.0,1785496385
212,XRPIRT,207720.0,207114.0,207980.0,866.0,0.4181272149637398,0.0,1785496385
213,DOGEIRT,13460.0,13413.0,13463.0,50.0,0.3727726832177738,0.0,1785496385
214,BTCIRT,12375346149.0,12328112337.0,12365391196.0,37278859.0,0.30238902745975194,0.0,1785496392
215,ETHIRT,364233147.0,364233147.0,364880691.0,647544.0,0.17778283095140707,0.0,1785496392
216,BNBIRT,114793960.0,114200547.0,114793960.0,593413.0,0.5196236056557593,0.0,1785496392
217,SOLIRT,14205045.0,14191692.0,14234566.0,42874.0,0.30210633094348444,0.0,1785496392
218,XRPIRT,207720.0,207114.0,207980.0,866.0,0.4181272149637398,0.0,1785496392
219,DOGEIRT,13460.0,13413.0,13463.0,50.0,0.3727726832177738,0.0,1785496392
220,BTCIRT,12375346149.0,12328112337.0,12365391196.0,37278859.0,0.30238902745975194,0.0,1785496400
221,ETHIRT,364233147.0,364233147.0,364880691.0,647544.0,0.17778283095140707,0.0,1785496400
222,BNBIRT,114793960.0,114200547.0,114793960.0,593413.0,0.5196236056557593,0.0,1785496400
223,SOLIRT,14205045.0,14191692.0,14234566.0,42874.0,0.30210633094348444,0.0,1785496400
224,XRPIRT,207720.0,207114.0,207980.0,866.0,0.4181272149637398,0.0,1785496400
225,DOGEIRT,13460.0,13413.0,13463.0,50.0,0.3727726832177738,0.0,1785496400
226,BTCIRT,12375346149.0,12328112337.0,12365391196.0,37278859.0,0.30238902745975194,0.0,1785496408
227,ETHIRT,364233147.0,364233147.0,364880691.0,647544.0,0.17778283095140707,0.0,1785496408
228,BNBIRT,114793960.0,114200547.0,114793960.0,593413.0,0.5196236056557593,0.0,1785496408
229,SOLIRT,14205045.0,14191692.0,14234566.0,42874.0,0.30210633094348444,0.0,1785496408
230,XRPIRT,207720.0,207114.0,207980.0,866.0,0.4181272149637398,0.0,1785496408
231,DOGEIRT,13460.0,13413.0,13463.0,50.0,0.3727726832177738,0.0,1785496408
232,BTCIRT,12375346149.0,12348336052.0,12355687878.0,7351826.0,0.05953697703917979,0.0,1785496415
233,ETHIRT,364233147.0,364233147.0,364812226.0,579079.0,0.15898580477081073,0.0,1785496415
234,BNBIRT,114793960.0,114151691.0,114662322.0,510631.0,0.4473267067064298,0.0,1785496415
235,SOLIRT,14205045.0,14187320.0,14228282.0,40962.0,0.28872260581984477,0.0,1785496415
236,XRPIRT,207720.0,207073.0,207720.0,647.0,0.31245019872218976,0.0,1785496415
237,DOGEIRT,13460.0,13409.0,13446.0,37.0,0.27593407412931614,0.0,1785496415
238,BTCIRT,12375346149.0,12348336052.0,12366313175.0,17977123.0,0.1455833638175755,0.0,1785496423
239,ETHIRT,364233147.0,364233147.0,364812225.0,579078.0,0.15898553022138864,0.0,1785496423
240,BNBIRT,114793960.0,114151693.0,114662321.0,510628.0,0.447324070787106,0.0,1785496423
241,SOLIRT,14205045.0,14188167.0,14228281.0,40114.0,0.2827285582415262,0.0,1785496423
242,XRPIRT,207720.0,207074.0,207875.0,801.0,0.386818238890445,0.0,1785496423
243,DOGEIRT,13460.0,13407.0,13458.0,51.0,0.380398299395838,0.0,1785496423
244,ETHIRT,364233147.0,364233147.0,364812225.0,579078.0,0.15898553022138864,0.0,1785496490
245,BNBIRT,114793960.0,114151692.0,114662321.0,510629.0,0.44732495073309997,0.0,1785496490
246,SOLIRT,14205045.0,14175785.0,14231962.0,56177.0,0.39628845951035513,0.0,1785496490
247,XRPIRT,207720.0,206998.0,207875.0,877.0,0.4236755910685127,0.0,1785496490
248,DOGEIRT,13460.0,13419.0,13454.0,35.0,0.2608242044861763,0.0,1785496490
249,BTCIRT,12375346149.0,12348336052.0,12362570019.0,14233967.0,0.11527032419638913,0.0,1785496498
250,ETHIRT,364233147.0,364233147.0,364812225.0,579078.0,0.15898553022138864,0.0,1785496498
251,BNBIRT,114793960.0,114151692.0,114662321.0,510629.0,0.44732495073309997,0.0,1785496498
252,SOLIRT,14205045.0,14179144.0,14231961.0,52817.0,0.3724978038166479,0.0,1785496498
253,XRPIRT,207720.0,206998.0,207875.0,877.0,0.4236755910685127,0.0,1785496498
254,DOGEIRT,13460.0,13411.0,13454.0,43.0,0.32063231675490267,0.0,1785496498
255,BTCIRT,12375346149.0,12348336052.0,12362821473.0,14485421.0,0.11730666333504801,0.0,1785496506
256,ETHIRT,364233147.0,364233147.0,364812225.0,579078.0,0.15898553022138864,0.0,1785496506
257,BNBIRT,114793960.0,114151692.0,114662321.0,510629.0,0.44732495073309997,0.0,1785496506
258,SOLIRT,14205045.0,14179145.0,14234566.0,55421.0,0.3908627776921669,0.0,1785496506
259,XRPIRT,207720.0,206998.0,207875.0,877.0,0.4236755910685127,0.0,1785496506
260,DOGEIRT,13460.0,13412.0,13454.0,42.0,0.31315240083507306,0.0,1785496506
261,BTCIRT,12375346149.0,12348336052.0,12362821473.0,14485421.0,0.11730666333504801,0.0,1785496513
262,ETHIRT,364233147.0,364233147.0,364812225.0,579078.0,0.15898553022138864,0.0,1785496513
263,BNBIRT,114793960.0,114151692.0,114662321.0,510629.0,0.44732495073309997,0.0,1785496513
264,SOLIRT,14205045.0,14179145.0,14234565.0,55420.0,0.39085572508074357,0.0,1785496513
265,XRPIRT,207720.0,206998.0,207758.0,760.0,0.3671533058290418,0.0,1785496513
266,DOGEIRT,13460.0,13412.0,13454.0,42.0,0.31315240083507306,0.0,1785496513
267,BTCIRT,12375346149.0,12348336052.0,12362821473.0,14485421.0,0.11730666333504801,0.0,1785496521
268,ETHIRT,364233147.0,364233147.0,364812225.0,579078.0,0.15898553022138864,0.0,1785496521
269,BNBIRT,114662321.0,114151692.0,114662319.0,510627.0,0.44732319867847425,0.0,1785496521
270,SOLIRT,14205045.0,14179145.0,14234567.0,55422.0,0.39086983030359024,0.0,1785496521
271,XRPIRT,207720.0,207001.0,207758.0,757.0,0.36569871643132157,0.0,1785496521
272,DOGEIRT,13460.0,13403.0,13454.0,51.0,0.3805118257106618,0.0,1785496521
273,BTCIRT,12375346149.0,12348336052.0,12362821473.0,14485421.0,0.11730666333504801,0.0,1785496528
274,ETHIRT,364233147.0,364233147.0,364812225.0,579078.0,0.15898553022138864,0.0,1785496528
275,BNBIRT,114662321.0,114151692.0,114662321.0,510629.0,0.44732495073309997,0.0,1785496528
276,SOLIRT,14205045.0,14179145.0,14234566.0,55421.0,0.3908627776921669,0.0,1785496528
277,XRPIRT,207720.0,206873.0,207698.0,825.0,0.39879539620926846,0.0,1785496528
278,DOGEIRT,13455.0,13404.0,13455.0,51.0,0.38048343777976723,0.0,1785496528
279,BTCIRT,12375346149.0,12348336052.0,12362821472.0,14485420.0,0.11730665523679092,0.0,1785496536
280,ETHIRT,364233147.0,364233147.0,364812225.0,579078.0,0.15898553022138864,0.0,1785496536
281,BNBIRT,114662321.0,114151692.0,114662321.0,510629.0,0.44732495073309997,0.0,1785496536
282,SOLIRT,14205045.0,14179144.0,14234566.0,55422.0,0.39086985787012246,0.0,1785496536
283,XRPIRT,207720.0,206873.0,207698.0,825.0,0.39879539620926846,0.0,1785496536
284,DOGEIRT,13455.0,13399.0,13448.0,49.0,0.3656989327561758,0.0,1785496536
285,BTCIRT,12375346149.0,12348336052.0,12362821472.0,14485420.0,0.11730665523679092,0.0,1785496543
286,ETHIRT,364233147.0,364233147.0,364812225.0,579078.0,0.15898553022138864,0.0,1785496543
287,BNBIRT,114662321.0,114151692.0,114662321.0,510629.0,0.44732495073309997,0.0,1785496543
288,SOLIRT,14205045.0,14179144.0,14234566.0,55422.0,0.39086985787012246,0.0,1785496543
289,XRPIRT,207720.0,206873.0,207698.0,825.0,0.39879539620926846,0.0,1785496543
290,DOGEIRT,13455.0,13400.0,13447.0,47.0,0.35074626865671643,0.0,1785496543
291,BTCIRT,12375346149.0,12348336052.0,12362821472.0,14485420.0,0.11730665523679092,0.0,1785496551
292,ETHIRT,364233147.0,364233147.0,364812225.0,579078.0,0.15898553022138864,0.0,1785496551
293,BNBIRT,114662321.0,114151692.0,114662321.0,510629.0,0.44732495073309997,0.0,1785496551
294,SOLIRT,14205045.0,14179144.0,14234566.0,55422.0,0.39086985787012246,0.0,1785496551
295,XRPIRT,207720.0,206873.0,207698.0,825.0,0.39879539620926846,0.0,1785496551
296,DOGEIRT,13455.0,13400.0,13447.0,47.0,0.35074626865671643,0.0,1785496551
297,BTCIRT,12375346149.0,12348336052.0,12362821472.0,14485420.0,0.11730665523679092,0.0,1785496558
298,ETHIRT,364233147.0,364233147.0,364812225.0,579078.0,0.15898553022138864,0.0,1785496558
299,BNBIRT,114662321.0,114151692.0,114662321.0,510629.0,0.44732495073309997,0.0,1785496558
300,SOLIRT,14205045.0,14179144.0,14234566.0,55422.0,0.39086985787012246,0.0,1785496558
301,XRPIRT,207720.0,206873.0,207698.0,825.0,0.39879539620926846,0.0,1785496558
302,DOGEIRT,13455.0,13399.0,13447.0,48.0,0.3582356892305396,0.0,1785496558
303,BTCIRT,12375346149.0,12348336052.0,12362821472.0,14485420.0,0.11730665523679092,0.0,1785496566
304,ETHIRT,364233147.0,364233147.0,364812225.0,579078.0,0.15898553022138864,0.0,1785496566
305,BNBIRT,114662321.0,114151692.0,114662321.0,510629.0,0.44732495073309997,0.0,1785496566
306,SOLIRT,14205045.0,14172050.0,14234566.0,62516.0,0.44112178548622105,0.0,1785496566
307,XRPIRT,207720.0,206873.0,207698.0,825.0,0.39879539620926846,0.0,1785496566
308,DOGEIRT,13455.0,13400.0,13443.0,43.0,0.3208955223880597,0.0,1785496566
309,BTCIRT,12375346149.0,12348336052.0,12358436939.0,10100887.0,0.08179957977709887,0.0,1785496638
310,ETHIRT,364233147.0,364233147.0,364649276.0,416129.0,0.11424797644789862,0.0,1785496638
311,BNBIRT,114662321.0,114151692.0,114662321.0,510629.0,0.44732495073309997,0.0,1785496638
312,XRPIRT,207720.0,206873.0,207657.0,784.0,0.37897647348856545,0.0,1785496638
313,DOGEIRT,13455.0,13400.0,13447.0,47.0,0.35074626865671643,0.0,1785496638
314,BTCIRT,12375346149.0,12348336052.0,12358998644.0,10662592.0,0.08634841127661919,0.0,1785496645
315,ETHIRT,364233147.0,364233147.0,364724059.0,490912.0,0.13477960587700163,0.0,1785496645
316,BNBIRT,114662321.0,114064044.0,114673495.0,609451.0,0.5343059728795868,0.0,1785496645
317,SOLIRT,14205045.0,14164754.0,14231116.0,66362.0,0.46850090019212476,0.0,1785496645
318,XRPIRT,207720.0,206873.0,207657.0,784.0,0.37897647348856545,0.0,1785496645
319,DOGEIRT,13455.0,13399.0,13449.0,50.0,0.3731621762818121,0.0,1785496645
320,BTCIRT,12375346149.0,12348336052.0,12365174899.0,16838847.0,0.13636531212861425,0.0,1785496653
321,ETHIRT,364233147.0,364233147.0,364724059.0,490912.0,0.13477960587700163,0.0,1785496653
322,BNBIRT,114662321.0,114064044.0,114673495.0,609451.0,0.5343059728795868,0.0,1785496653
323,SOLIRT,14205045.0,14194500.0,14231116.0,36616.0,0.2579590686533516,0.0,1785496653
324,XRPIRT,207720.0,206872.0,207645.0,773.0,0.3736610077729224,0.0,1785496653
325,DOGEIRT,13455.0,13400.0,13450.0,50.0,0.3731343283582089,0.0,1785496653
326,BTCIRT,12375346149.0,12348336052.0,12350984548.0,2648496.0,0.02144820151352324,0.0,1785496660
327,ETHIRT,364233147.0,364233147.0,364813073.0,579926.0,0.15921834813128635,0.0,1785496660
328,BNBIRT,114662321.0,114064172.0,114673495.0,609323.0,0.5341931557614779,0.0,1785496660
329,SOLIRT,14205045.0,14165487.0,14234523.0,69036.0,0.4873535233910419,0.0,1785496660
330,XRPIRT,207720.0,206873.0,207645.0,772.0,0.37317581318006704,0.0,1785496660
331,DOGEIRT,13455.0,13399.0,13449.0,50.0,0.3731621762818121,0.0,1785496660
332,BTCIRT,12375346149.0,12348336052.0,12350984548.0,2648496.0,0.02144820151352324,0.0,1785496668
333,ETHIRT,364233147.0,364233147.0,364813073.0,579926.0,0.15921834813128635,0.0,1785496668
334,BNBIRT,114662321.0,114064173.0,114731962.0,667789.0,0.5854502622834955,0.0,1785496668
335,SOLIRT,14205045.0,14168044.0,14234523.0,66479.0,0.46921791039045335,0.0,1785496668
336,XRPIRT,207720.0,206873.0,207645.0,772.0,0.37317581318006704,0.0,1785496668
337,DOGEIRT,13455.0,13400.0,13453.0,53.0,0.3955223880597015,0.0,1785496668
338,BTCIRT,12375346149.0,12348336052.0,12350984548.0,2648496.0,0.02144820151352324,0.0,1785496675
339,ETHIRT,364233147.0,364233147.0,364813073.0,579926.0,0.15921834813128635,0.0,1785496675
340,BNBIRT,114662321.0,114097493.0,114762295.0,664802.0,0.5826613561088498,0.0,1785496675
341,SOLIRT,14205045.0,14159029.0,14234521.0,75492.0,0.5331721546724708,0.0,1785496675
342,XRPIRT,207720.0,206873.0,207645.0,772.0,0.37317581318006704,0.0,1785496675
343,DOGEIRT,13455.0,13400.0,13460.0,60.0,0.44776119402985076,0.0,1785496675
344,BTCIRT,12375346149.0,12348336052.0,12350984548.0,2648496.0,0.02144820151352324,0.0,1785496683
345,ETHIRT,364233147.0,364233147.0,364813073.0,579926.0,0.15921834813128635,0.0,1785496683
346,BNBIRT,114662321.0,114097494.0,114762295.0,664801.0,0.5826604745587138,0.0,1785496683
347,SOLIRT,14205045.0,14154001.0,14234566.0,80565.0,0.5692030119257445,0.0,1785496683
348,XRPIRT,207720.0,206873.0,207645.0,772.0,0.37317581318006704,0.0,1785496683
349,DOGEIRT,13455.0,13400.0,13460.0,60.0,0.44776119402985076,0.0,1785496683
350,BTCIRT,12375346149.0,12348336052.0,12350984548.0,2648496.0,0.02144820151352324,0.0,1785496690
351,ETHIRT,364233147.0,364233147.0,364813073.0,579926.0,0.15921834813128635,0.0,1785496690
352,BNBIRT,114662321.0,114097494.0,114762295.0,664801.0,0.5826604745587138,0.0,1785496690
353,SOLIRT,14205045.0,14154000.0,14234566.0,80566.0,0.5692101172813339,0.0,1785496690
354,XRPIRT,207720.0,206873.0,207645.0,772.0,0.37317581318006704,0.0,1785496690
355,DOGEIRT,13455.0,13400.0,13460.0,60.0,0.44776119402985076,0.0,1785496690
356,BTCIRT,12375346149.0,12348336052.0,12350984548.0,2648496.0,0.02144820151352324,0.0,1785496738
357,ETHIRT,364233147.0,364233147.0,364813073.0,579926.0,0.15921834813128635,0.0,1785496738
358,SOLIRT,14205045.0,14185760.0,14234566.0,48806.0,0.34404924374866064,0.0,1785496738
359,XRPIRT,207720.0,206873.0,207688.0,815.0,0.39396151261885315,0.0,1785496738
360,DOGEIRT,13452.0,13406.0,13457.0,51.0,0.380426674623303,0.0,1785496738
361,BTCIRT,12350984548.0,12348336052.0,12350984548.0,2648496.0,0.02144820151352324,0.0,1785496746
362,ETHIRT,364908337.0,364233147.0,364908337.0,675190.0,0.18537302427337837,0.0,1785496746
363,BNBIRT,114097494.0,114158104.0,114766230.0,608126.0,0.5327050631464587,0.0,1785496746
364,SOLIRT,14205045.0,14185760.0,14234566.0,48806.0,0.34404924374866064,0.0,1785496746
365,XRPIRT,207720.0,207246.0,207723.0,477.0,0.23016125763585304,0.0,1785496746
366,DOGEIRT,13452.0,13406.0,13457.0,51.0,0.380426674623303,0.0,1785496746
367,BTCIRT,12350984548.0,12348336052.0,12350984548.0,2648496.0,0.02144820151352324,0.0,1785496754
368,ETHIRT,364908337.0,364233147.0,364908337.0,675190.0,0.18537302427337837,0.0,1785496754
369,BNBIRT,114097494.0,114158104.0,114766230.0,608126.0,0.5327050631464587,0.0,1785496754
370,SOLIRT,14205045.0,14185761.0,14234566.0,48805.0,0.3440421701733168,0.0,1785496754
371,XRPIRT,207720.0,207246.0,207723.0,477.0,0.23016125763585304,0.0,1785496754
372,DOGEIRT,13452.0,13406.0,13457.0,51.0,0.380426674623303,0.0,1785496754
373,BTCIRT,12350984548.0,12348336052.0,12350984548.0,2648496.0,0.02144820151352324,0.0,1785496761
374,ETHIRT,364908337.0,364233147.0,364908337.0,675190.0,0.18537302427337837,0.0,1785496761
375,BNBIRT,114097494.0,114158104.0,114766230.0,608126.0,0.5327050631464587,0.0,1785496761
376,SOLIRT,14205045.0,14169671.0,14234566.0,64895.0,0.45798522774452555,0.0,1785496761
377,XRPIRT,207720.0,207246.0,207768.0,522.0,0.2518745838279146,0.0,1785496761
378,DOGEIRT,13452.0,13400.0,13458.0,58.0,0.43283582089552236,0.0,1785496761
379,BTCIRT,12350984548.0,12348336052.0,12350984548.0,2648496.0,0.02144820151352324,0.0,1785496769
380,ETHIRT,364908337.0,364233147.0,365011167.0,778020.0,0.21360494134269442,0.0,1785496769
381,BNBIRT,114097494.0,114097494.0,114766230.0,668736.0,0.5861092794903979,0.0,1785496769
382,SOLIRT,14205045.0,14169671.0,14234566.0,64895.0,0.45798522774452555,0.0,1785496769
383,XRPIRT,207720.0,207246.0,207768.0,522.0,0.2518745838279146,0.0,1785496769
384,DOGEIRT,13452.0,13400.0,13458.0,58.0,0.43283582089552236,0.0,1785496769
385,BTCIRT,12350984548.0,12348336052.0,12350984548.0,2648496.0,0.02144820151352324,0.0,1785496776
386,ETHIRT,364908337.0,364233147.0,365011167.0,778020.0,0.21360494134269442,0.0,1785496776
387,BNBIRT,114097494.0,114097494.0,114820630.0,723136.0,0.6337878025612026,0.0,1785496776
388,SOLIRT,14205045.0,14169671.0,14234566.0,64895.0,0.45798522774452555,0.0,1785496776
389,XRPIRT,207720.0,207246.0,207768.0,522.0,0.2518745838279146,0.0,1785496776
390,DOGEIRT,13452.0,13400.0,13458.0,58.0,0.43283582089552236,0.0,1785496776
391,BTCIRT,12350984548.0,12348336052.0,12350984548.0,2648496.0,0.02144820151352324,0.0,1785496783
392,ETHIRT,364908337.0,364233147.0,365011167.0,778020.0,0.21360494134269442,0.0,1785496783
393,BNBIRT,114097494.0,114097494.0,114820628.0,723134.0,0.6337860496743251,0.0,1785496783
394,SOLIRT,14205045.0,14169671.0,14234566.0,64895.0,0.45798522774452555,0.0,1785496783
395,XRPIRT,207720.0,207246.0,207768.0,522.0,0.2518745838279146,0.0,1785496783
396,DOGEIRT,13452.0,13400.0,13458.0,58.0,0.43283582089552236,0.0,1785496783
397,BTCIRT,12350984548.0,12348336052.0,12350984548.0,2648496.0,0.02144820151352324,0.0,1785496791
398,ETHIRT,364908337.0,364233147.0,365011167.0,778020.0,0.21360494134269442,0.0,1785496791
399,BNBIRT,114097494.0,114097494.0,114820820.0,723326.0,0.6339543268145749,0.0,1785496791
400,SOLIRT,14205045.0,14174538.0,14234566.0,60028.0,0.4234917568389178,0.0,1785496791
401,XRPIRT,207720.0,207246.0,207890.0,644.0,0.3107418237263928,0.0,1785496791
402,DOGEIRT,13452.0,13400.0,13458.0,58.0,0.43283582089552236,0.0,1785496791
403,BTCIRT,12350984548.0,12348336052.0,12350984548.0,2648496.0,0.02144820151352324,0.0,1785496799
404,ETHIRT,364908337.0,364233147.0,365011167.0,778020.0,0.21360494134269442,0.0,1785496799
405,BNBIRT,114097494.0,114127945.0,114831796.0,703851.0,0.6167209967725258,0.0,1785496799
406,SOLIRT,14205045.0,14174538.0,14234566.0,60028.0,0.4234917568389178,0.0,1785496799
407,XRPIRT,207720.0,207246.0,207890.0,644.0,0.3107418237263928,0.0,1785496799
408,DOGEIRT,13452.0,13400.0,13463.0,63.0,0.4701492537313433,0.0,1785496799
409,BTCIRT,12350984548.0,12348336052.0,12350984548.0,2648496.0,0.02144820151352324,0.0,1785496806
410,ETHIRT,364908337.0,364233147.0,365011167.0,778020.0,0.21360494134269442,0.0,1785496806
411,BNBIRT,114097494.0,114127946.0,114831795.0,703849.0,0.6167192389495909,0.0,1785496806
412,SOLIRT,14205045.0,14174538.0,14234566.0,60028.0,0.4234917568389178,0.0,1785496806
413,XRPIRT,207720.0,207246.0,207890.0,644.0,0.3107418237263928,0.0,1785496806
414,DOGEIRT,13452.0,13400.0,13463.0,63.0,0.4701492537313433,0.0,1785496806
415,BTCIRT,12350984548.0,12348336052.0,12350984548.0,2648496.0,0.02144820151352324,0.0,1785496814
416,ETHIRT,364908337.0,364233147.0,365011167.0,778020.0,0.21360494134269442,0.0,1785496814
417,BNBIRT,114097494.0,114127946.0,114837734.0,709788.0,0.621923047664417,0.0,1785496814
418,SOLIRT,14205045.0,14174538.0,14234567.0,60029.0,0.42349881174257675,0.0,1785496814
419,XRPIRT,207720.0,207246.0,207890.0,644.0,0.3107418237263928,0.0,1785496814
420,DOGEIRT,13452.0,13400.0,13463.0,63.0,0.4701492537313433,0.0,1785496814
421,BTCIRT,12350984548.0,12348336052.0,12350984548.0,2648496.0,0.02144820151352324,0.0,1785496822
422,ETHIRT,364908337.0,364233147.0,365011167.0,778020.0,0.21360494134269442,0.0,1785496822
423,BNBIRT,114097494.0,114212939.0,114837734.0,624795.0,0.5470439737129958,0.0,1785496822
424,SOLIRT,14205045.0,14174538.0,14234566.0,60028.0,0.4234917568389178,0.0,1785496822
425,XRPIRT,207720.0,207246.0,207890.0,644.0,0.3107418237263928,0.0,1785496822
426,DOGEIRT,13452.0,13400.0,13463.0,63.0,0.4701492537313433,0.0,1785496822
427,BTCIRT,12350984548.0,12348336052.0,12350984548.0,2648496.0,0.02144820151352324,0.0,1785496829
428,ETHIRT,364908337.0,364233147.0,365011167.0,778020.0,0.21360494134269442,0.0,1785496829
429,BNBIRT,114097494.0,114212939.0,114837734.0,624795.0,0.5470439737129958,0.0,1785496829
430,SOLIRT,14205045.0,14182741.0,14234566.0,51825.0,0.3654089149622065,0.0,1785496829
431,XRPIRT,207720.0,207247.0,207890.0,643.0,0.3102578083156813,0.0,1785496829
432,DOGEIRT,13452.0,13400.0,13463.0,63.0,0.4701492537313433,0.0,1785496829
433,BTCIRT,12350984548.0,12348336052.0,12350984548.0,2648496.0,0.02144820151352324,0.0,1785496837
434,ETHIRT,364908337.0,364233147.0,365011167.0,778020.0,0.21360494134269442,0.0,1785496837
435,BNBIRT,114097494.0,114212939.0,114837734.0,624795.0,0.5470439737129958,0.0,1785496837
436,SOLIRT,14205045.0,14183477.0,14234566.0,51089.0,0.3602008167672849,0.0,1785496837
437,XRPIRT,207720.0,207247.0,207890.0,643.0,0.3102578083156813,0.0,1785496837
438,DOGEIRT,13452.0,13400.0,13463.0,63.0,0.4701492537313433,0.0,1785496837
439,BTCIRT,12350984548.0,12348336052.0,12350984548.0,2648496.0,0.02144820151352324,0.0,1785496844
440,ETHIRT,364908337.0,364233147.0,365011167.0,778020.0,0.21360494134269442,0.0,1785496844
441,BNBIRT,114097494.0,114212939.0,114837734.0,624795.0,0.5470439737129958,0.0,1785496844
442,SOLIRT,14205045.0,14183477.0,14234566.0,51089.0,0.3602008167672849,0.0,1785496844
443,XRPIRT,207247.0,207247.0,207890.0,643.0,0.3102578083156813,0.0,1785496844
444,DOGEIRT,13452.0,13400.0,13463.0,63.0,0.4701492537313433,0.0,1785496844
445,BTCIRT,12350984548.0,12348336052.0,12350984548.0,2648496.0,0.02144820151352324,0.0,1785496852
446,ETHIRT,365011167.0,364233148.0,365011167.0,778019.0,0.213604666206822,0.0,1785496852
447,BNBIRT,114097494.0,114212939.0,114837734.0,624795.0,0.5470439737129958,0.0,1785496852
448,SOLIRT,14205045.0,14183477.0,14234566.0,51089.0,0.3602008167672849,0.0,1785496852
449,XRPIRT,207247.0,207247.0,207890.0,643.0,0.3102578083156813,0.0,1785496852
450,DOGEIRT,13452.0,13400.0,13463.0,63.0,0.4701492537313433,0.0,1785496852
451,BTCIRT,12350984548.0,12348336052.0,12350984548.0,2648496.0,0.02144820151352324,0.0,1785496859
452,ETHIRT,365011167.0,364233147.0,365011167.0,778020.0,0.21360494134269442,0.0,1785496859
453,BNBIRT,114097494.0,114212939.0,114837734.0,624795.0,0.5470439737129958,0.0,1785496859
454,SOLIRT,14205045.0,14183477.0,14234566.0,51089.0,0.3602008167672849,0.0,1785496859
455,XRPIRT,207247.0,207247.0,207890.0,643.0,0.3102578083156813,0.0,1785496859
456,DOGEIRT,13452.0,13400.0,13463.0,63.0,0.4701492537313433,0.0,1785496859
457,BTCIRT,12350984548.0,12348336052.0,12350984548.0,2648496.0,0.02144820151352324,0.0,1785496867
458,ETHIRT,365011167.0,364233147.0,365011167.0,778020.0,0.21360494134269442,0.0,1785496867
459,BNBIRT,114097494.0,114212939.0,114837734.0,624795.0,0.5470439737129958,0.0,1785496867
460,SOLIRT,14205045.0,14183477.0,14234566.0,51089.0,0.3602008167672849,0.0,1785496867
461,XRPIRT,207246.0,207247.0,207890.0,643.0,0.3102578083156813,0.0,1785496867
462,DOGEIRT,13452.0,13400.0,13463.0,63.0,0.4701492537313433,0.0,1785496867
463,BTCIRT,12350984548.0,12348336052.0,12350984548.0,2648496.0,0.02144820151352324,0.0,1785496914
464,ETHIRT,365011167.0,364233147.0,365011167.0,778020.0,0.21360494134269442,0.0,1785496914
465,BNBIRT,114097494.0,114212939.0,114837734.0,624795.0,0.5470439737129958,0.0,1785496914
466,XRPIRT,207246.0,207247.0,207890.0,643.0,0.3102578083156813,0.0,1785496914
467,DOGEIRT,13452.0,13400.0,13463.0,63.0,0.4701492537313433,0.0,1785496914
468,BTCIRT,12348336052.0,12348336052.0,12350984548.0,2648496.0,0.02144820151352324,0.0,1785496922
469,ETHIRT,365011167.0,364233147.0,365011167.0,778020.0,0.21360494134269442,0.0,1785496922
470,BNBIRT,114097494.0,114212939.0,114837734.0,624795.0,0.5470439737129958,0.0,1785496922
471,SOLIRT,14205045.0,14183477.0,14234566.0,51089.0,0.3602008167672849,0.0,1785496922
472,XRPIRT,207246.0,207247.0,207890.0,643.0,0.3102578083156813,0.0,1785496922
473,DOGEIRT,13452.0,13400.0,13463.0,63.0,0.4701492537313433,0.0,1785496922
474,BTCIRT,12348336052.0,12348336052.0,12350984548.0,2648496.0,0.02144820151352324,0.0,1785496929
475,ETHIRT,365011167.0,364233147.0,365011167.0,778020.0,0.21360494134269442,0.0,1785496929
476,BNBIRT,114097494.0,114212939.0,114837734.0,624795.0,0.5470439737129958,0.0,1785496929
477,SOLIRT,14205045.0,14183477.0,14234566.0,51089.0,0.3602008167672849,0.0,1785496929
478,XRPIRT,207246.0,207247.0,207890.0,643.0,0.3102578083156813,0.0,1785496929
479,DOGEIRT,13452.0,13400.0,13463.0,63.0,0.4701492537313433,0.0,1785496929
480,BTCIRT,12348336052.0,12348336052.0,12350984548.0,2648496.0,0.02144820151352324,0.0,1785496936
481,ETHIRT,365011167.0,364233147.0,365011167.0,778020.0,0.21360494134269442,0.0,1785496936
482,BNBIRT,114097494.0,114212939.0,114837734.0,624795.0,0.5470439737129958,0.0,1785496936
483,SOLIRT,14205045.0,14183477.0,14234566.0,51089.0,0.3602008167672849,0.0,1785496936
484,XRPIRT,207246.0,207247.0,207890.0,643.0,0.3102578083156813,0.0,1785496936
485,DOGEIRT,13452.0,13400.0,13463.0,63.0,0.4701492537313433,0.0,1785496936
486,BTCIRT,12348336052.0,12348336052.0,12350984548.0,2648496.0,0.02144820151352324,0.0,1785496944
487,ETHIRT,365011167.0,364233147.0,365011167.0,778020.0,0.21360494134269442,0.0,1785496944
488,BNBIRT,114097494.0,114212939.0,114837734.0,624795.0,0.5470439737129958,0.0,1785496944
489,SOLIRT,14189361.0,14183477.0,14234566.0,51089.0,0.3602008167672849,0.0,1785496944
490,XRPIRT,207246.0,207247.0,207890.0,643.0,0.3102578083156813,0.0,1785496944
491,DOGEIRT,13452.0,13400.0,13463.0,63.0,0.4701492537313433,0.0,1785496944
492,BTCIRT,12348336052.0,12348336052.0,12350984548.0,2648496.0,0.02144820151352324,0.0,1785496951
493,ETHIRT,365011167.0,364233147.0,365011167.0,778020.0,0.21360494134269442,0.0,1785496951
494,BNBIRT,114097494.0,114212939.0,114837734.0,624795.0,0.5470439737129958,0.0,1785496951
495,SOLIRT,14189361.0,14183477.0,14234566.0,51089.0,0.3602008167672849,0.0,1785496951
496,XRPIRT,207246.0,207247.0,207890.0,643.0,0.3102578083156813,0.0,1785496951
497,DOGEIRT,13452.0,13400.0,13463.0,63.0,0.4701492537313433,0.0,1785496951
498,BTCIRT,12348336052.0,12348336052.0,12350984548.0,2648496.0,0.02144820151352324,0.0,1785496958
499,ETHIRT,365011167.0,364233147.0,365011167.0,778020.0,0.21360494134269442,0.0,1785496958
500,BNBIRT,114097494.0,114212939.0,114837734.0,624795.0,0.5470439737129958,0.0,1785496958
501,SOLIRT,14189361.0,14183477.0,14234566.0,51089.0,0.3602008167672849,0.0,1785496958
502,XRPIRT,207246.0,207247.0,207890.0,643.0,0.3102578083156813,0.0,1785496958
503,DOGEIRT,13452.0,13400.0,13463.0,63.0,0.4701492537313433,0.0,1785496958
504,BTCIRT,12348336052.0,12348336052.0,12350984548.0,2648496.0,0.02144820151352324,0.0,1785496966
505,ETHIRT,365011167.0,364233147.0,365011167.0,778020.0,0.21360494134269442,0.0,1785496966
506,BNBIRT,114097494.0,114212939.0,114837734.0,624795.0,0.5470439737129958,0.0,1785496966
507,SOLIRT,14189361.0,14183477.0,14234566.0,51089.0,0.3602008167672849,0.0,1785496966
508,XRPIRT,207246.0,207247.0,207890.0,643.0,0.3102578083156813,0.0,1785496966
509,DOGEIRT,13452.0,13400.0,13463.0,63.0,0.4701492537313433,0.0,1785496966
510,BTCIRT,12348336053.0,12348336052.0,12350984548.0,2648496.0,0.02144820151352324,0.0,1785496973
511,ETHIRT,365011167.0,364233147.0,365011167.0,778020.0,0.21360494134269442,0.0,1785496973
512,BNBIRT,114097494.0,114212939.0,114837734.0,624795.0,0.5470439737129958,0.0,1785496973
513,SOLIRT,14189361.0,14183477.0,14234566.0,51089.0,0.3602008167672849,0.0,1785496973
514,XRPIRT,207246.0,207247.0,207890.0,643.0,0.3102578083156813,0.0,1785496973
515,DOGEIRT,13452.0,13400.0,13463.0,63.0,0.4701492537313433,0.0,1785496973
516,BTCIRT,12348336053.0,12348336052.0,12350984548.0,2648496.0,0.02144820151352324,0.0,1785496980
517,ETHIRT,365011167.0,364233147.0,365011167.0,778020.0,0.21360494134269442,0.0,1785496980
518,BNBIRT,114097494.0,114212939.0,114837734.0,624795.0,0.5470439737129958,0.0,1785496980
519,SOLIRT,14189361.0,14183477.0,14234566.0,51089.0,0.3602008167672849,0.0,1785496980
520,XRPIRT,207246.0,207247.0,207890.0,643.0,0.3102578083156813,0.0,1785496980
521,DOGEIRT,13452.0,13400.0,13463.0,63.0,0.4701492537313433,0.0,1785496980
522,BTCIRT,12348336053.0,12348336052.0,12350984548.0,2648496.0,0.02144820151352324,0.0,1785496988
523,ETHIRT,365011167.0,364233147.0,365011167.0,778020.0,0.21360494134269442,0.0,1785496988
524,BNBIRT,114097494.0,114212939.0,114837734.0,624795.0,0.5470439737129958,0.0,1785496988
525,SOLIRT,14189361.0,14183477.0,14234566.0,51089.0,0.3602008167672849,0.0,1785496988
526,XRPIRT,207246.0,207247.0,207890.0,643.0,0.3102578083156813,0.0,1785496988
527,DOGEIRT,13452.0,13400.0,13463.0,63.0,0.4701492537313433,0.0,1785496988
528,BTCIRT,12348336053.0,12348336053.0,12350984548.0,2648495.0,0.02144819341352922,0.0,1785496995
529,ETHIRT,365011167.0,364233147.0,364644385.0,411238.0,0.11290515522465615,0.0,1785496995
530,BNBIRT,114097494.0,114220478.0,114915554.0,695076.0,0.6085388646333628,0.0,1785496995
531,SOLIRT,14189361.0,14193442.0,14234566.0,41124.0,0.28973944445610866,0.0,1785496995
532,XRPIRT,207246.0,207246.0,207538.0,292.0,0.14089536106848866,0.0,1785496995
533,DOGEIRT,13452.0,13407.0,13448.0,41.0,0.3058103975535168,0.0,1785496995
534,BTCIRT,12348336053.0,12348336053.0,12350984548.0,2648495.0,0.02144819341352922,0.0,1785497003
535,ETHIRT,363404461.0,363404461.0,364644385.0,1239924.0,0.3411966921341673,0.0,1785497003
536,BNBIRT,114097494.0,114220478.0,114915554.0,695076.0,0.6085388646333628,0.0,1785497003
537,SOLIRT,14189361.0,14193443.0,14234566.0,41123.0,0.28973237853563794,0.0,1785497003
538,XRPIRT,207246.0,207246.0,207538.0,292.0,0.14089536106848866,0.0,1785497003
539,DOGEIRT,13452.0,13407.0,13448.0,41.0,0.3058103975535168,0.0,1785497003
540,BTCIRT,12348336053.0,12348336053.0,12350984548.0,2648495.0,0.02144819341352922,0.0,1785497011
541,ETHIRT,363404462.0,363430626.0,365115563.0,1684937.0,0.4636199812175433,0.0,1785497011
542,BNBIRT,114097494.0,114220478.0,114915554.0,695076.0,0.6085388646333628,0.0,1785497011
543,SOLIRT,14189361.0,14194757.0,14234566.0,39809.0,0.28044861916269503,0.0,1785497011
544,XRPIRT,207246.0,207246.0,207816.0,570.0,0.275035465099447,0.0,1785497011
545,DOGEIRT,13452.0,13407.0,13466.0,59.0,0.44006862086969495,0.0,1785497011
546,BTCIRT,12348336053.0,12348336053.0,12350984548.0,2648495.0,0.02144819341352922,0.0,1785497018
547,ETHIRT,363404462.0,363430627.0,365115563.0,1684936.0,0.4636197047861902,0.0,1785497018
548,BNBIRT,114097494.0,114220478.0,114915554.0,695076.0,0.6085388646333628,0.0,1785497018
549,SOLIRT,14189361.0,14194758.0,14234566.0,39808.0,0.28044155455133507,0.0,1785497018
550,XRPIRT,207246.0,207246.0,207816.0,570.0,0.275035465099447,0.0,1785497018
551,DOGEIRT,13452.0,13407.0,13466.0,59.0,0.44006862086969495,0.0,1785497018
552,BTCIRT,12348336053.0,12348336053.0,12350984548.0,2648495.0,0.02144819341352922,0.0,1785497025
553,ETHIRT,363404462.0,363430627.0,365115563.0,1684936.0,0.4636197047861902,0.0,1785497025
554,BNBIRT,114097494.0,114220478.0,114915554.0,695076.0,0.6085388646333628,0.0,1785497025
555,SOLIRT,14189361.0,14194758.0,14234566.0,39808.0,0.28044155455133507,0.0,1785497025
556,XRPIRT,207246.0,207246.0,207816.0,570.0,0.275035465099447,0.0,1785497025
557,DOGEIRT,13452.0,13407.0,13466.0,59.0,0.44006862086969495,0.0,1785497025
558,BTCIRT,12348336053.0,12348336053.0,12350984548.0,2648495.0,0.02144819341352922,0.0,1785497033
559,ETHIRT,363404462.0,363430627.0,365115563.0,1684936.0,0.4636197047861902,0.0,1785497033
560,BNBIRT,114097494.0,114220478.0,114915554.0,695076.0,0.6085388646333628,0.0,1785497033
561,SOLIRT,14189361.0,14194758.0,14234566.0,39808.0,0.28044155455133507,0.0,1785497033
562,XRPIRT,207246.0,207246.0,207816.0,570.0,0.275035465099447,0.0,1785497033
563,DOGEIRT,13452.0,13407.0,13466.0,59.0,0.44006862086969495,0.0,1785497033
564,BTCIRT,12348336053.0,12348336053.0,12350984548.0,2648495.0,0.02144819341352922,0.0,1785497040
565,ETHIRT,363404462.0,363430627.0,365115563.0,1684936.0,0.4636197047861902,0.0,1785497040
566,BNBIRT,114097494.0,114220478.0,114915554.0,695076.0,0.6085388646333628,0.0,1785497040
567,SOLIRT,14189361.0,14194758.0,14234566.0,39808.0,0.28044155455133507,0.0,1785497040
568,XRPIRT,207246.0,207246.0,207816.0,570.0,0.275035465099447,0.0,1785497040
569,DOGEIRT,13452.0,13407.0,13466.0,59.0,0.44006862086969495,0.0,1785497040
570,BTCIRT,12348336053.0,12348336053.0,12350984548.0,2648495.0,0.02144819341352922,0.0,1785497048
571,ETHIRT,363404462.0,363430627.0,365115563.0,1684936.0,0.4636197047861902,0.0,1785497048
572,BNBIRT,114097494.0,114220478.0,114915554.0,695076.0,0.6085388646333628,0.0,1785497048
573,SOLIRT,14189361.0,14194758.0,14234566.0,39808.0,0.28044155455133507,0.0,1785497048
574,XRPIRT,207246.0,207246.0,207816.0,570.0,0.275035465099447,0.0,1785497048
575,DOGEIRT,13452.0,13407.0,13466.0,59.0,0.44006862086969495,0.0,1785497048
576,BTCIRT,12348336053.0,12348336053.0,12350984548.0,2648495.0,0.02144819341352922,0.0,1785497056
577,ETHIRT,363404462.0,363430627.0,365115563.0,1684936.0,0.4636197047861902,0.0,1785497056
578,BNBIRT,114097494.0,114220478.0,114915554.0,695076.0,0.6085388646333628,0.0,1785497056
579,SOLIRT,14189361.0,14194758.0,14234566.0,39808.0,0.28044155455133507,0.0,1785497056
580,XRPIRT,207246.0,207246.0,207816.0,570.0,0.275035465099447,0.0,1785497056
581,DOGEIRT,13452.0,13407.0,13466.0,59.0,0.44006862086969495,0.0,1785497056
582,BTCIRT,12348336053.0,12348336053.0,12350984548.0,2648495.0,0.02144819341352922,0.0,1785497063
583,ETHIRT,363404462.0,363430627.0,365115563.0,1684936.0,0.4636197047861902,0.0,1785497063
584,BNBIRT,114097494.0,114220478.0,114915554.0,695076.0,0.6085388646333628,0.0,1785497063
585,SOLIRT,14189361.0,14194758.0,14234566.0,39808.0,0.28044155455133507,0.0,1785497063
586,XRPIRT,207246.0,207246.0,207816.0,570.0,0.275035465099447,0.0,1785497063
587,DOGEIRT,13452.0,13407.0,13466.0,59.0,0.44006862086969495,0.0,1785497063
588,BTCIRT,12348336053.0,12348336053.0,12350984548.0,2648495.0,0.02144819341352922,0.0,1785497071
589,ETHIRT,363404462.0,363430627.0,365115563.0,1684936.0,0.4636197047861902,0.0,1785497071
590,BNBIRT,114097494.0,114220478.0,114915554.0,695076.0,0.6085388646333628,0.0,1785497071
591,SOLIRT,14189361.0,14194758.0,14234566.0,39808.0,0.28044155455133507,0.0,1785497071
592,XRPIRT,207246.0,207246.0,207816.0,570.0,0.275035465099447,0.0,1785497071
593,DOGEIRT,13452.0,13407.0,13466.0,59.0,0.44006862086969495,0.0,1785497071
594,BTCIRT,12348336053.0,12348336053.0,12350984548.0,2648495.0,0.02144819341352922,0.0,1785497079
595,ETHIRT,363404462.0,363430627.0,365115563.0,1684936.0,0.4636197047861902,0.0,1785497079
596,BNBIRT,114097494.0,114220478.0,114915554.0,695076.0,0.6085388646333628,0.0,1785497079
597,SOLIRT,14189361.0,14194758.0,14234566.0,39808.0,0.28044155455133507,0.0,1785497079
598,XRPIRT,207246.0,207246.0,207816.0,570.0,0.275035465099447,0.0,1785497079
599,DOGEIRT,13452.0,13407.0,13466.0,59.0,0.44006862086969495,0.0,1785497079
600,BTCIRT,12348336053.0,12348336053.0,12350984548.0,2648495.0,0.02144819341352922,0.0,1785497126
601,ETHIRT,363404462.0,363430627.0,365115563.0,1684936.0,0.4636197047861902,0.0,1785497126
602,BNBIRT,114097494.0,114220478.0,114915554.0,695076.0,0.6085388646333628,0.0,1785497126
603,SOLIRT,14189361.0,14194758.0,14234566.0,39808.0,0.28044155455133507,0.0,1785497126
604,DOGEIRT,13452.0,13407.0,13466.0,59.0,0.44006862086969495,0.0,1785497126
605,BTCIRT,12348336053.0,12348336053.0,12350984548.0,2648495.0,0.02144819341352922,0.0,1785497133
606,ETHIRT,363404462.0,363430627.0,365115563.0,1684936.0,0.4636197047861902,0.0,1785497133
607,BNBIRT,114920115.0,114220478.0,114915554.0,695076.0,0.6085388646333628,0.0,1785497133
608,SOLIRT,14189361.0,14194758.0,14234566.0,39808.0,0.28044155455133507,0.0,1785497133
609,XRPIRT,207246.0,207246.0,207816.0,570.0,0.275035465099447,0.0,1785497133
610,DOGEIRT,13452.0,13407.0,13466.0,59.0,0.44006862086969495,0.0,1785497133
611,BTCIRT,12348336053.0,12348336053.0,12350984548.0,2648495.0,0.02144819341352922,0.0,1785497141
612,ETHIRT,363404462.0,363430627.0,365115563.0,1684936.0,0.4636197047861902,0.0,1785497141
613,BNBIRT,114920115.0,114220478.0,114915554.0,695076.0,0.6085388646333628,0.0,1785497141
614,SOLIRT,14189361.0,14194758.0,14234566.0,39808.0,0.28044155455133507,0.0,1785497141
615,XRPIRT,207246.0,207246.0,207816.0,570.0,0.275035465099447,0.0,1785497141
616,DOGEIRT,13452.0,13407.0,13466.0,59.0,0.44006862086969495,0.0,1785497141
617,BTCIRT,12348336053.0,12348336053.0,12350984548.0,2648495.0,0.02144819341352922,0.0,1785497148
618,ETHIRT,363404462.0,363637838.0,365356614.0,1718776.0,0.4726614835940147,0.0,1785497148
619,BNBIRT,114920115.0,114404409.0,114920115.0,515706.0,0.4507745850948804,0.0,1785497148
620,SOLIRT,14189361.0,14201837.0,14234567.0,32730.0,0.23046314360599968,0.0,1785497148
621,XRPIRT,207246.0,207247.0,207922.0,675.0,0.3256983213267261,0.0,1785497148
622,DOGEIRT,13452.0,13416.0,13474.0,58.0,0.43231961836613003,0.0,1785497148
623,BTCIRT,12348336053.0,12348336053.0,12350984548.0,2648495.0,0.02144819341352922,0.0,1785497155
624,ETHIRT,363404462.0,363637838.0,365356614.0,1718776.0,0.4726614835940147,0.0,1785497155
625,BNBIRT,114920115.0,114404409.0,114920114.0,515705.0,0.4507737110026939,0.0,1785497155
626,SOLIRT,14189361.0,14201837.0,14234567.0,32730.0,0.23046314360599968,0.0,1785497155
627,XRPIRT,207246.0,207247.0,207922.0,675.0,0.3256983213267261,0.0,1785497155
628,DOGEIRT,13452.0,13417.0,13474.0,57.0,0.42483416561079224,0.0,1785497155
629,BTCIRT,12348336053.0,12348336053.0,12350984548.0,2648495.0,0.02144819341352922,0.0,1785497202
630,ETHIRT,363404462.0,363637838.0,365356614.0,1718776.0,0.4726614835940147,0.0,1785497202
631,BNBIRT,114920115.0,114404409.0,114920114.0,515705.0,0.4507737110026939,0.0,1785497202
632,SOLIRT,14189361.0,14201838.0,14234566.0,32728.0,0.23044904469407412,0.0,1785497202
633,XRPIRT,207246.0,207246.0,207922.0,676.0,0.3261824112407477,0.0,1785497202
634,BTCIRT,12348336053.0,12348336054.0,12350984548.0,2648494.0,0.0214481853135352,0.0,1785497210
635,ETHIRT,363404462.0,364031336.0,365356614.0,1325278.0,0.3640560218145616,0.0,1785497210
636,BNBIRT,114920115.0,114404409.0,114920114.0,515705.0,0.4507737110026939,0.0,1785497210
637,SOLIRT,14189361.0,14201838.0,14234567.0,32729.0,0.2304560860361877,0.0,1785497210
638,XRPIRT,207246.0,207247.0,207922.0,675.0,0.3256983213267261,0.0,1785497210
639,DOGEIRT,13452.0,13419.0,13476.0,57.0,0.4247708473060586,0.0,1785497210
640,BTCIRT,12348336053.0,12348336054.0,12350984548.0,2648494.0,0.0214481853135352,0.0,1785497217
641,ETHIRT,363404462.0,364135800.0,365247259.0,1111459.0,0.30523200410396345,0.0,1785497217
642,BNBIRT,114920115.0,114404409.0,114920114.0,515705.0,0.4507737110026939,0.0,1785497217
643,SOLIRT,14189361.0,14201838.0,14234567.0,32729.0,0.2304560860361877,0.0,1785497217
644,XRPIRT,207246.0,207247.0,207918.0,671.0,0.3237682572003455,0.0,1785497217
645,DOGEIRT,13452.0,13418.0,13474.0,56.0,0.4173498285884632,0.0,1785497217
646,BTCIRT,12348336053.0,12348336054.0,12350984548.0,2648494.0,0.0214481853135352,0.0,1785497225
647,ETHIRT,363404462.0,364135802.0,365274359.0,1138557.0,0.31267373154370576,0.0,1785497225
648,BNBIRT,114920115.0,114404409.0,114920114.0,515705.0,0.4507737110026939,0.0,1785497225
649,SOLIRT,14189361.0,14201838.0,14234567.0,32729.0,0.2304560860361877,0.0,1785497225
650,XRPIRT,207246.0,207247.0,207917.0,670.0,0.3232857411687503,0.0,1785497225
651,DOGEIRT,13452.0,13434.0,13473.0,39.0,0.29030817329164804,0.0,1785497225
652,BTCIRT,12348336053.0,12348336054.0,12350984548.0,2648494.0,0.0214481853135352,0.0,1785497232
653,ETHIRT,363404462.0,364135804.0,365274359.0,1138555.0,0.3126731805807264,0.0,1785497232
654,BNBIRT,114920115.0,114404409.0,114920114.0,515705.0,0.4507737110026939,0.0,1785497232
655,SOLIRT,14189361.0,14201838.0,14234567.0,32729.0,0.2304560860361877,0.0,1785497232
656,XRPIRT,207246.0,207247.0,207944.0,697.0,0.3363136740218194,0.0,1785497232
657,DOGEIRT,13452.0,13410.0,13473.0,63.0,0.4697986577181208,0.0,1785497232
658,BTCIRT,12348336053.0,12348336054.0,12350984548.0,2648494.0,0.0214481853135352,0.0,1785497239
659,ETHIRT,363404462.0,364094090.0,365238764.0,1144674.0,0.3143896128607855,0.0,1785497239
660,BNBIRT,114920115.0,114404409.0,114920114.0,515705.0,0.4507737110026939,0.0,1785497239
661,SOLIRT,14189361.0,14201838.0,14234567.0,32729.0,0.2304560860361877,0.0,1785497239
662,XRPIRT,207246.0,207247.0,207943.0,696.0,0.3358311579902242,0.0,1785497239
663,DOGEIRT,13452.0,13431.0,13470.0,39.0,0.2903730176457449,0.0,1785497239
664,BTCIRT,12348336053.0,12348336054.0,12350984548.0,2648494.0,0.0214481853135352,0.0,1785497247
665,ETHIRT,363404462.0,364094090.0,365238764.0,1144674.0,0.3143896128607855,0.0,1785497247
666,BNBIRT,114920115.0,114404409.0,114920114.0,515705.0,0.4507737110026939,0.0,1785497247
667,SOLIRT,14189361.0,14201838.0,14234567.0,32729.0,0.2304560860361877,0.0,1785497247
668,XRPIRT,207246.0,207247.0,207943.0,696.0,0.3358311579902242,0.0,1785497247
669,DOGEIRT,13452.0,13431.0,13470.0,39.0,0.2903730176457449,0.0,1785497247
670,BTCIRT,12348336053.0,12348336054.0,12350984548.0,2648494.0,0.0214481853135352,0.0,1785497254
671,ETHIRT,363404462.0,364094090.0,365238764.0,1144674.0,0.3143896128607855,0.0,1785497254
672,BNBIRT,114920115.0,114404409.0,114920114.0,515705.0,0.4507737110026939,0.0,1785497254
673,SOLIRT,14189361.0,14201838.0,14234567.0,32729.0,0.2304560860361877,0.0,1785497254
674,XRPIRT,207246.0,207247.0,207943.0,696.0,0.3358311579902242,0.0,1785497254
675,DOGEIRT,13452.0,13431.0,13470.0,39.0,0.2903730176457449,0.0,1785497254
676,BTCIRT,12348336053.0,12348336054.0,12350984548.0,2648494.0,0.0214481853135352,0.0,1785497262
677,ETHIRT,363404462.0,364094090.0,365238764.0,1144674.0,0.3143896128607855,0.0,1785497262
678,BNBIRT,114920115.0,114404409.0,114920114.0,515705.0,0.4507737110026939,0.0,1785497262
679,SOLIRT,14189361.0,14201838.0,14234567.0,32729.0,0.2304560860361877,0.0,1785497262
680,XRPIRT,207246.0,207247.0,207943.0,696.0,0.3358311579902242,0.0,1785497262
681,DOGEIRT,13452.0,13431.0,13470.0,39.0,0.2903730176457449,0.0,1785497262
682,BTCIRT,12348336053.0,12348336054.0,12350984548.0,2648494.0,0.0214481853135352,0.0,1785497334
683,ETHIRT,363404462.0,364094090.0,365238764.0,1144674.0,0.3143896128607855,0.0,1785497334
684,BNBIRT,114920115.0,114404409.0,114920114.0,515705.0,0.4507737110026939,0.0,1785497334
685,SOLIRT,14189361.0,14201838.0,14234567.0,32729.0,0.2304560860361877,0.0,1785497334
686,XRPIRT,207246.0,207247.0,207943.0,696.0,0.3358311579902242,0.0,1785497334
687,BTCIRT,12350984548.0,12348336055.0,12350984548.0,2648493.0,0.021448177213541184,0.0,1785497341
688,ETHIRT,363404462.0,363832852.0,365248443.0,1415591.0,0.3890772898099922,0.0,1785497341
689,BNBIRT,114920115.0,114383635.0,115000110.0,616475.0,0.5389538459763059,0.0,1785497341
690,SOLIRT,14189361.0,14197329.0,14234567.0,37238.0,0.26228877276845525,0.0,1785497341
691,XRPIRT,207246.0,207247.0,207943.0,696.0,0.3358311579902242,0.0,1785497341
692,DOGEIRT,13452.0,13412.0,13466.0,54.0,0.4026245153593797,0.0,1785497341
693,BTCIRT,12350984548.0,12348336054.0,12350984548.0,2648494.0,0.0214481853135352,0.0,1785497349
694,ETHIRT,363404462.0,363832852.0,365172949.0,1340097.0,0.36832765173168036,0.0,1785497349
695,BNBIRT,114920115.0,114444454.0,115000110.0,555656.0,0.4855246196552259,0.0,1785497349
696,SOLIRT,14189361.0,14199116.0,14234567.0,35451.0,0.2496704724434958,0.0,1785497349
697,XRPIRT,207246.0,207247.0,207847.0,600.0,0.2895096189570899,0.0,1785497349
698,DOGEIRT,13452.0,13411.0,13466.0,55.0,0.4101111028260383,0.0,1785497349
699,BTCIRT,12350984548.0,12348336055.0,12350984548.0,2648493.0,0.021448177213541184,0.0,1785497356
700,ETHIRT,363404462.0,363832853.0,365172949.0,1340096.0,0.36832737586784114,0.0,1785497356
701,BNBIRT,114920115.0,114444456.0,115000110.0,555654.0,0.4855228635976915,0.0,1785497356
702,SOLIRT,14189361.0,14213339.0,14234567.0,21228.0,0.14935266090536503,0.0,1785497356
703,XRPIRT,207246.0,207247.0,207847.0,600.0,0.2895096189570899,0.0,1785497356
704,DOGEIRT,13452.0,13426.0,13466.0,40.0,0.29792939073439595,0.0,1785497356
705,BTCIRT,12350984548.0,12348336055.0,12350984548.0,2648493.0,0.021448177213541184,0.0,1785497363
706,ETHIRT,363404462.0,363666012.0,365172949.0,1506937.0,0.4143738898536386,0.0,1785497363
707,BNBIRT,114920115.0,114511236.0,115000110.0,488874.0,0.42692229782586577,0.0,1785497363
708,SOLIRT,14189361.0,14213339.0,14234567.0,21228.0,0.14935266090536503,0.0,1785497363
709,XRPIRT,207246.0,207247.0,207874.0,627.0,0.3025375518101589,0.0,1785497363
710,DOGEIRT,13452.0,13427.0,13466.0,39.0,0.2904595218589409,0.0,1785497363
711,BTCIRT,12350984548.0,12348336054.0,12350984548.0,2648494.0,0.0214481853135352,0.0,1785497371
712,ETHIRT,363404462.0,363666011.0,365172949.0,1506938.0,0.41437416597065485,0.0,1785497371
713,BNBIRT,114920115.0,114511237.0,115000110.0,488873.0,0.4269214208209104,0.0,1785497371
714,SOLIRT,14189361.0,14213339.0,14234566.0,21227.0,0.14934562526089049,0.0,1785497371
715,XRPIRT,207246.0,207247.0,207874.0,627.0,0.3025375518101589,0.0,1785497371
716,DOGEIRT,13452.0,13427.0,13466.0,39.0,0.2904595218589409,0.0,1785497371
717,BTCIRT,12350984548.0,12348336054.0,12350984548.0,2648494.0,0.0214481853135352,0.0,1785497379
718,ETHIRT,363404462.0,363666011.0,365172949.0,1506938.0,0.41437416597065485,0.0,1785497379
719,BNBIRT,114920115.0,114511237.0,115000110.0,488873.0,0.4269214208209104,0.0,1785497379
720,SOLIRT,14189361.0,14207547.0,14234566.0,27019.0,0.19017357465014897,0.0,1785497379
721,XRPIRT,207246.0,207246.0,207874.0,628.0,0.30302152996921533,0.0,1785497379
722,DOGEIRT,13452.0,13427.0,13458.0,31.0,0.23087808147761973,0.0,1785497379
723,BTCIRT,12350984548.0,12348336054.0,12350984548.0,2648494.0,0.0214481853135352,0.0,1785497387
724,ETHIRT,363404462.0,363666011.0,365172949.0,1506938.0,0.41437416597065485,0.0,1785497387
725,BNBIRT,114920115.0,114511236.0,115000110.0,488874.0,0.42692229782586577,0.0,1785497387
726,SOLIRT,14189361.0,14207548.0,14234566.0,27018.0,0.19016652275255377,0.0,1785497387
727,XRPIRT,207246.0,207246.0,207730.0,484.0,0.23353888615461818,0.0,1785497387
728,DOGEIRT,13452.0,13427.0,13456.0,29.0,0.21598272138228944,0.0,1785497387
729,BTCIRT,12350984548.0,12348336054.0,12350984548.0,2648494.0,0.0214481853135352,0.0,1785497395
730,ETHIRT,363404462.0,363666011.0,365172949.0,1506938.0,0.41437416597065485,0.0,1785497395
731,BNBIRT,114920115.0,114511236.0,115000110.0,488874.0,0.42692229782586577,0.0,1785497395
732,SOLIRT,14189361.0,14207548.0,14234566.0,27018.0,0.19016652275255377,0.0,1785497395
733,XRPIRT,207246.0,207246.0,207709.0,463.0,0.22340600059832277,0.0,1785497395
734,DOGEIRT,13452.0,13416.0,13456.0,40.0,0.2981514609421586,0.0,1785497395
735,BTCIRT,12350984548.0,12348336054.0,12350984548.0,2648494.0,0.0214481853135352,0.0,1785497402
736,ETHIRT,363404462.0,363666011.0,365172949.0,1506938.0,0.41437416597065485,0.0,1785497402
737,BNBIRT,114920115.0,114511236.0,115000110.0,488874.0,0.42692229782586577,0.0,1785497402
738,SOLIRT,14189361.0,14207548.0,14234566.0,27018.0,0.19016652275255377,0.0,1785497402
739,XRPIRT,207246.0,207246.0,207709.0,463.0,0.22340600059832277,0.0,1785497402
740,DOGEIRT,13452.0,13416.0,13456.0,40.0,0.2981514609421586,0.0,1785497402
741,BTCIRT,12350984548.0,12348336054.0,12350984548.0,2648494.0,0.0214481853135352,0.0,1785497475
742,BNBIRT,114920115.0,114383443.0,114923089.0,539646.0,0.4717868127120461,0.0,1785497475
743,SOLIRT,14189361.0,14203053.0,14234566.0,31513.0,0.22187483212236128,0.0,1785497475
744,XRPIRT,207246.0,207246.0,207706.0,460.0,0.221958445518852,0.0,1785497475
745,DOGEIRT,13452.0,13416.0,13456.0,40.0,0.2981514609421586,0.0,1785497475
746,BTCIRT,12348336054.0,12348336053.0,12348336054.0,1.0,8.098257090736143e-09,0.0,1785497483
747,ETHIRT,364771932.0,363642334.0,364771932.0,1129598.0,0.310634349849927,0.0,1785497483
748,BNBIRT,114920115.0,114294838.0,114782581.0,487743.0,0.4267410571945515,0.0,1785497483
749,SOLIRT,14189361.0,14203054.0,14234566.0,31512.0,0.22186777576146652,0.0,1785497483
750,XRPIRT,207246.0,207246.0,207377.0,131.0,0.06320990513689045,0.0,1785497483
751,DOGEIRT,13452.0,13416.0,13456.0,40.0,0.2981514609421586,0.0,1785497483
752,BTCIRT,12348336054.0,12348336053.0,12348336054.0,1.0,8.098257090736143e-09,0.0,1785497490
753,ETHIRT,364771932.0,363642334.0,364771932.0,1129598.0,0.310634349849927,0.0,1785497490
754,BNBIRT,114920115.0,114294839.0,114782581.0,487742.0,0.4267401785307209,0.0,1785497490
755,SOLIRT,14189361.0,14203054.0,14234566.0,31512.0,0.22186777576146652,0.0,1785497490
756,XRPIRT,207246.0,207246.0,207710.0,464.0,0.22388851895814638,0.0,1785497490
757,DOGEIRT,13452.0,13416.0,13456.0,40.0,0.2981514609421586,0.0,1785497490
758,BTCIRT,12348336054.0,12348336053.0,12348336054.0,1.0,8.098257090736143e-09,0.0,1785497498
759,ETHIRT,364771932.0,363642334.0,364771932.0,1129598.0,0.310634349849927,0.0,1785497498
760,BNBIRT,114920115.0,114294839.0,114784130.0,489291.0,0.428095445324526,0.0,1785497498
761,SOLIRT,14189361.0,14203054.0,14234566.0,31512.0,0.22186777576146652,0.0,1785497498
762,XRPIRT,207246.0,207246.0,207709.0,463.0,0.22340600059832277,0.0,1785497498
763,DOGEIRT,13452.0,13416.0,13456.0,40.0,0.2981514609421586,0.0,1785497498
764,BTCIRT,12348336054.0,12348336053.0,12348336054.0,1.0,8.098257090736143e-09,0.0,1785497505
765,ETHIRT,364771932.0,363642334.0,364771932.0,1129598.0,0.310634349849927,0.0,1785497505
766,BNBIRT,114920115.0,114294839.0,114784130.0,489291.0,0.428095445324526,0.0,1785497505
767,SOLIRT,14189361.0,14203054.0,14234566.0,31512.0,0.22186777576146652,0.0,1785497505
768,XRPIRT,207246.0,207246.0,207709.0,463.0,0.22340600059832277,0.0,1785497505
769,DOGEIRT,13452.0,13416.0,13456.0,40.0,0.2981514609421586,0.0,1785497505
770,BTCIRT,12348336054.0,12348336053.0,12348336054.0,1.0,8.098257090736143e-09,0.0,1785497513
771,ETHIRT,364771932.0,363642334.0,364771932.0,1129598.0,0.310634349849927,0.0,1785497513
772,BNBIRT,114920115.0,114294839.0,114784130.0,489291.0,0.428095445324526,0.0,1785497513
773,SOLIRT,14189361.0,14203054.0,14234566.0,31512.0,0.22186777576146652,0.0,1785497513
774,XRPIRT,207246.0,206945.0,207246.0,301.0,0.14544927396168064,0.0,1785497513
775,DOGEIRT,13452.0,13416.0,13456.0,40.0,0.2981514609421586,0.0,1785497513
776,BTCIRT,12348336054.0,12348336053.0,12348336054.0,1.0,8.098257090736143e-09,0.0,1785497521
777,ETHIRT,364771932.0,363642334.0,364771932.0,1129598.0,0.310634349849927,0.0,1785497521
778,BNBIRT,114920115.0,114294839.0,114784130.0,489291.0,0.428095445324526,0.0,1785497521
779,SOLIRT,14189361.0,14203054.0,14234566.0,31512.0,0.22186777576146652,0.0,1785497521
780,XRPIRT,207246.0,206946.0,207246.0,300.0,0.14496535328056592,0.0,1785497521
781,DOGEIRT,13452.0,13415.0,13456.0,41.0,0.3056280283265002,0.0,1785497521
782,BTCIRT,12348336054.0,12348336053.0,12348336054.0,1.0,8.098257090736143e-09,0.0,1785497529
783,ETHIRT,364771932.0,363642334.0,364771932.0,1129598.0,0.310634349849927,0.0,1785497529
784,BNBIRT,114920115.0,114294839.0,114784130.0,489291.0,0.428095445324526,0.0,1785497529
785,SOLIRT,14189361.0,14203054.0,14234566.0,31512.0,0.22186777576146652,0.0,1785497529
786,XRPIRT,207246.0,206946.0,207246.0,300.0,0.14496535328056592,0.0,1785497529
787,DOGEIRT,13452.0,13416.0,13456.0,40.0,0.2981514609421586,0.0,1785497529
788,BTCIRT,12348336054.0,12348336053.0,12348336054.0,1.0,8.098257090736143e-09,0.0,1785497536
789,ETHIRT,364771932.0,363642334.0,364771932.0,1129598.0,0.310634349849927,0.0,1785497536
790,BNBIRT,114294838.0,114294839.0,114784130.0,489291.0,0.428095445324526,0.0,1785497536
791,SOLIRT,14189361.0,14203054.0,14234566.0,31512.0,0.22186777576146652,0.0,1785497536
792,XRPIRT,207246.0,206946.0,207560.0,614.0,0.29669575638089163,0.0,1785497536
793,DOGEIRT,13452.0,13416.0,13456.0,40.0,0.2981514609421586,0.0,1785497536
794,BTCIRT,12348336054.0,12348336053.0,12348336054.0,1.0,8.098257090736143e-09,0.0,1785497543
795,ETHIRT,364771932.0,363642334.0,364771932.0,1129598.0,0.310634349849927,0.0,1785497543
796,BNBIRT,114294838.0,114294839.0,114784130.0,489291.0,0.428095445324526,0.0,1785497543
797,SOLIRT,14189361.0,14203054.0,14234566.0,31512.0,0.22186777576146652,0.0,1785497543
798,XRPIRT,206946.0,206946.0,207560.0,614.0,0.29669575638089163,0.0,1785497543
799,DOGEIRT,13452.0,13416.0,13456.0,40.0,0.2981514609421586,0.0,1785497543
800,BTCIRT,12348336054.0,12348336053.0,12348336054.0,1.0,8.098257090736143e-09,0.0,1785497590
801,ETHIRT,364771932.0,363642334.0,364771932.0,1129598.0,0.310634349849927,0.0,1785497590
802,BNBIRT,114784130.0,114294839.0,114784131.0,489292.0,0.4280963202546705,0.0,1785497590
803,SOLIRT,14189361.0,14203054.0,14234566.0,31512.0,0.22186777576146652,0.0,1785497590
804,XRPIRT,206946.0,206946.0,207560.0,614.0,0.29669575638089163,0.0,1785497590
805,BTCIRT,12348336053.0,12348336053.0,12348336054.0,1.0,8.098257090736143e-09,0.0,1785497598
806,ETHIRT,364771932.0,363642334.0,364771932.0,1129598.0,0.310634349849927,0.0,1785497598
807,BNBIRT,114784130.0,114294839.0,114784130.0,489291.0,0.428095445324526,0.0,1785497598
808,SOLIRT,14189361.0,14196067.0,14234566.0,38499.0,0.2711948316389321,0.0,1785497598
809,XRPIRT,206946.0,206946.0,207560.0,614.0,0.29669575638089163,0.0,1785497598
810,DOGEIRT,13452.0,13416.0,13456.0,40.0,0.2981514609421586,0.0,1785497598
811,BTCIRT,12348336053.0,12348336053.0,12348336054.0,1.0,8.098257090736143e-09,0.0,1785497606
812,ETHIRT,364771932.0,363642334.0,364771932.0,1129598.0,0.310634349849927,0.0,1785497606
813,BNBIRT,114784130.0,114294839.0,114784130.0,489291.0,0.428095445324526,0.0,1785497606
814,SOLIRT,14189361.0,14196067.0,14234566.0,38499.0,0.2711948316389321,0.0,1785497606
815,XRPIRT,206946.0,206946.0,207560.0,614.0,0.29669575638089163,0.0,1785497606
816,DOGEIRT,13452.0,13416.0,13456.0,40.0,0.2981514609421586,0.0,1785497606
817,BTCIRT,12348336053.0,12348336053.0,12348336054.0,1.0,8.098257090736143e-09,0.0,1785497613
818,ETHIRT,364771932.0,363642334.0,364771932.0,1129598.0,0.310634349849927,0.0,1785497613
819,BNBIRT,114784130.0,114294839.0,114784130.0,489291.0,0.428095445324526,0.0,1785497613
820,SOLIRT,14189361.0,14196067.0,14234566.0,38499.0,0.2711948316389321,0.0,1785497613
821,XRPIRT,206946.0,206946.0,207560.0,614.0,0.29669575638089163,0.0,1785497613
822,DOGEIRT,13452.0,13416.0,13456.0,40.0,0.2981514609421586,0.0,1785497613
823,BTCIRT,12348336053.0,12348336053.0,12348336054.0,1.0,8.098257090736143e-09,0.0,1785497621
824,ETHIRT,364771932.0,363642334.0,364771932.0,1129598.0,0.310634349849927,0.0,1785497621
825,BNBIRT,114784130.0,114294839.0,114784130.0,489291.0,0.428095445324526,0.0,1785497621
826,SOLIRT,14189361.0,14196067.0,14234566.0,38499.0,0.2711948316389321,0.0,1785497621
827,XRPIRT,206946.0,206946.0,207560.0,614.0,0.29669575638089163,0.0,1785497621
828,DOGEIRT,13452.0,13417.0,13456.0,39.0,0.29067600804948945,0.0,1785497621
829,BTCIRT,12348336053.0,12348336053.0,12348336054.0,1.0,8.098257090736143e-09,0.0,1785497628
830,ETHIRT,364771932.0,363946777.0,364771932.0,825155.0,0.22672408498894334,0.0,1785497628
831,BNBIRT,114784130.0,114294839.0,114784130.0,489291.0,0.428095445324526,0.0,1785497628
832,SOLIRT,14189361.0,14197536.0,14234566.0,37030.0,0.2608199056512341,0.0,1785497628
833,XRPIRT,206946.0,206946.0,207560.0,614.0,0.29669575638089163,0.0,1785497628
834,DOGEIRT,13452.0,13417.0,13456.0,39.0,0.29067600804948945,0.0,1785497628
835,BTCIRT,12348336054.0,12348336053.0,12348336054.0,1.0,8.098257090736143e-09,0.0,1785497635
836,ETHIRT,364771932.0,363946777.0,364771932.0,825155.0,0.22672408498894334,0.0,1785497635
837,BNBIRT,114784130.0,114294839.0,114784130.0,489291.0,0.428095445324526,0.0,1785497635
838,SOLIRT,14189361.0,14197536.0,14234566.0,37030.0,0.2608199056512341,0.0,1785497635
839,XRPIRT,206946.0,206946.0,207560.0,614.0,0.29669575638089163,0.0,1785497635
840,DOGEIRT,13452.0,13417.0,13456.0,39.0,0.29067600804948945,0.0,1785497635
841,BTCIRT,12348336054.0,12348336053.0,12348336054.0,1.0,8.098257090736143e-09,0.0,1785497643
842,ETHIRT,364771932.0,363946777.0,364771932.0,825155.0,0.22672408498894334,0.0,1785497643
843,BNBIRT,114784130.0,114294839.0,114784130.0,489291.0,0.428095445324526,0.0,1785497643
844,SOLIRT,14189361.0,14172093.0,14234566.0,62473.0,0.4408170338707204,0.0,1785497643
845,XRPIRT,206946.0,206872.0,207560.0,688.0,0.3325727986387718,0.0,1785497643
846,DOGEIRT,13452.0,13417.0,13458.0,41.0,0.30558247000074534,0.0,1785497643
847,BTCIRT,12348336054.0,12348336053.0,12348336054.0,1.0,8.098257090736143e-09,0.0,1785497650
848,ETHIRT,364771932.0,363946777.0,364817090.0,870313.0,0.2391319431851982,0.0,1785497650
849,BNBIRT,114784130.0,114250948.0,114847739.0,596791.0,0.5223510267941058,0.0,1785497650
850,SOLIRT,14189361.0,14172093.0,14234566.0,62473.0,0.4408170338707204,0.0,1785497650
851,XRPIRT,206946.0,206874.0,207633.0,759.0,0.36688999100902,0.0,1785497650
852,DOGEIRT,13452.0,13417.0,13458.0,41.0,0.30558247000074534,0.0,1785497650
853,BTCIRT,12348336054.0,12348336053.0,12348336054.0,1.0,8.098257090736143e-09,0.0,1785497658
854,ETHIRT,364771932.0,363946777.0,364809344.0,862567.0,0.23700361000861397,0.0,1785497658
855,BNBIRT,114784130.0,114289518.0,114870477.0,580959.0,0.5083222067661533,0.0,1785497658
856,SOLIRT,14189361.0,14172093.0,14234566.0,62473.0,0.4408170338707204,0.0,1785497658
857,XRPIRT,206946.0,206873.0,207579.0,706.0,0.3412721814833255,0.0,1785497658
858,DOGEIRT,13452.0,13421.0,13459.0,38.0,0.2831383652484912,0.0,1785497658
859,BTCIRT,12348336054.0,12306260851.0,12348336054.0,42075203.0,0.34190078943906826,0.0,1785497666
860,ETHIRT,364771932.0,363946777.0,364721836.0,775059.0,0.21295943500002473,0.0,1785497666
861,BNBIRT,114784130.0,114250948.0,114810567.0,559619.0,0.4898156293635305,0.0,1785497666
862,SOLIRT,14189361.0,14172094.0,14234566.0,62472.0,0.44080994664585205,0.0,1785497666
863,XRPIRT,206946.0,206873.0,207579.0,706.0,0.3412721814833255,0.0,1785497666
864,DOGEIRT,13452.0,13417.0,13454.0,37.0,0.27576954609823356,0.0,1785497666
865,BTCIRT,12348336054.0,12313445275.0,12348336054.0,34890779.0,0.2833551310845453,0.0,1785497673
866,ETHIRT,364771932.0,363946777.0,364721836.0,775059.0,0.21295943500002473,0.0,1785497673
867,BNBIRT,114784130.0,114250948.0,114808506.0,557558.0,0.48801170560090235,0.0,1785497673
868,SOLIRT,14189361.0,14172094.0,14234566.0,62472.0,0.44080994664585205,0.0,1785497673
869,XRPIRT,206946.0,206873.0,207560.0,687.0,0.3320878026615363,0.0,1785497673
870,DOGEIRT,13452.0,13417.0,13459.0,42.0,0.3130357009763733,0.0,1785497673
871,BTCIRT,12348336054.0,12307923640.0,12348336054.0,40412414.0,0.32834469226525037,0.0,1785497680
872,ETHIRT,364771932.0,363946777.0,364721836.0,775059.0,0.21295943500002473,0.0,1785497680
873,BNBIRT,114784130.0,114250948.0,114808505.0,557557.0,0.48801083033464193,0.0,1785497680
874,SOLIRT,14189361.0,14172094.0,14234566.0,62472.0,0.44080994664585205,0.0,1785497680
875,XRPIRT,206946.0,206873.0,207560.0,687.0,0.3320878026615363,0.0,1785497680
876,DOGEIRT,13452.0,13417.0,13459.0,42.0,0.3130357009763733,0.0,1785497680
877,BTCIRT,12348336054.0,12314083643.0,12348336054.0,34252411.0,0.27815639387402524,0.0,1785497728
878,ETHIRT,364771932.0,363946777.0,364721836.0,775059.0,0.21295943500002473,0.0,1785497728
879,BNBIRT,114784130.0,114250948.0,114796441.0,545493.0,0.47745161816950527,0.0,1785497728
880,XRPIRT,207332.0,206873.0,207560.0,687.0,0.3320878026615363,0.0,1785497728
881,DOGEIRT,13452.0,13408.0,13459.0,51.0,0.3803699284009547,0.0,1785497728
882,BTCIRT,12348336054.0,12316056089.0,12348336054.0,32279965.0,0.26209660598111945,0.0,1785497735
883,ETHIRT,364771932.0,363946777.0,364721836.0,775059.0,0.21295943500002473,0.0,1785497735
884,BNBIRT,114784130.0,114130119.0,114796441.0,666322.0,0.583826605841005,0.0,1785497735
885,SOLIRT,14189361.0,14172094.0,14234566.0,62472.0,0.44080994664585205,0.0,1785497735
886,XRPIRT,207332.0,206873.0,207560.0,687.0,0.3320878026615363,0.0,1785497735
887,DOGEIRT,13452.0,13408.0,13459.0,51.0,0.3803699284009547,0.0,1785497735
888,BTCIRT,12348336054.0,12316056089.0,12348336054.0,32279965.0,0.26209660598111945,0.0,1785497742
889,ETHIRT,364771932.0,363946777.0,364721836.0,775059.0,0.21295943500002473,0.0,1785497742
890,BNBIRT,114796441.0,114130119.0,114796441.0,666322.0,0.583826605841005,0.0,1785497742
891,SOLIRT,14189361.0,14172094.0,14234566.0,62472.0,0.44080994664585205,0.0,1785497742
892,XRPIRT,207332.0,206873.0,207560.0,687.0,0.3320878026615363,0.0,1785497742
893,DOGEIRT,13452.0,13408.0,13459.0,51.0,0.3803699284009547,0.0,1785497742
894,BTCIRT,12348336054.0,12316056089.0,12348336054.0,32279965.0,0.26209660598111945,0.0,1785497749
895,ETHIRT,364771932.0,363946777.0,364721836.0,775059.0,0.21295943500002473,0.0,1785497749
896,BNBIRT,114796441.0,114130119.0,114796441.0,666322.0,0.583826605841005,0.0,1785497749
897,SOLIRT,14189361.0,14172094.0,14234566.0,62472.0,0.44080994664585205,0.0,1785497749
898,XRPIRT,207332.0,206873.0,207560.0,687.0,0.3320878026615363,0.0,1785497749
899,DOGEIRT,13452.0,13408.0,13459.0,51.0,0.3803699284009547,0.0,1785497749
900,BTCIRT,12348336054.0,12316056089.0,12348336054.0,32279965.0,0.26209660598111945,0.0,1785497756
901,ETHIRT,364771932.0,363946777.0,364721836.0,775059.0,0.21295943500002473,0.0,1785497756
902,BNBIRT,114796441.0,114130119.0,114796441.0,666322.0,0.583826605841005,0.0,1785497756
903,SOLIRT,14189361.0,14172094.0,14234566.0,62472.0,0.44080994664585205,0.0,1785497756
904,XRPIRT,207332.0,206873.0,207560.0,687.0,0.3320878026615363,0.0,1785497756
905,DOGEIRT,13452.0,13408.0,13459.0,51.0,0.3803699284009547,0.0,1785497756
906,BTCIRT,12348336054.0,12316056089.0,12348336054.0,32279965.0,0.26209660598111945,0.0,1785497763
907,ETHIRT,364771932.0,363946777.0,364721836.0,775059.0,0.21295943500002473,0.0,1785497763
908,BNBIRT,114796441.0,114130119.0,114796441.0,666322.0,0.583826605841005,0.0,1785497763
909,SOLIRT,14189361.0,14172094.0,14234566.0,62472.0,0.44080994664585205,0.0,1785497763
910,XRPIRT,207332.0,206873.0,207560.0,687.0,0.3320878026615363,0.0,1785497763
911,DOGEIRT,13452.0,13408.0,13459.0,51.0,0.3803699284009547,0.0,1785497763
912,BTCIRT,12348336054.0,12316056089.0,12348336054.0,32279965.0,0.26209660598111945,0.0,1785497770
913,ETHIRT,364771932.0,363946777.0,364721836.0,775059.0,0.21295943500002473,0.0,1785497770
914,BNBIRT,114796441.0,114130119.0,114796441.0,666322.0,0.583826605841005,0.0,1785497770
915,SOLIRT,14189361.0,14172094.0,14234566.0,62472.0,0.44080994664585205,0.0,1785497770
916,XRPIRT,207332.0,206873.0,207560.0,687.0,0.3320878026615363,0.0,1785497770
917,DOGEIRT,13452.0,13408.0,13459.0,51.0,0.3803699284009547,0.0,1785497770
918,BTCIRT,12348336054.0,12316056089.0,12348336054.0,32279965.0,0.26209660598111945,0.0,1785497777
919,ETHIRT,364771932.0,363946777.0,364721836.0,775059.0,0.21295943500002473,0.0,1785497777
920,BNBIRT,114796441.0,114130119.0,114796441.0,666322.0,0.583826605841005,0.0,1785497777
921,SOLIRT,14189361.0,14172094.0,14234566.0,62472.0,0.44080994664585205,0.0,1785497777
922,XRPIRT,207332.0,206873.0,207560.0,687.0,0.3320878026615363,0.0,1785497777
923,DOGEIRT,13452.0,13408.0,13459.0,51.0,0.3803699284009547,0.0,1785497777
924,BTCIRT,12348336054.0,12316056089.0,12348336054.0,32279965.0,0.26209660598111945,0.0,1785497784
925,ETHIRT,364771932.0,363946777.0,364721836.0,775059.0,0.21295943500002473,0.0,1785497784
926,BNBIRT,114796441.0,114130119.0,114796441.0,666322.0,0.583826605841005,0.0,1785497784
927,SOLIRT,14189361.0,14172094.0,14234566.0,62472.0,0.44080994664585205,0.0,1785497784
928,XRPIRT,207332.0,206873.0,207560.0,687.0,0.3320878026615363,0.0,1785497784
929,DOGEIRT,13452.0,13408.0,13459.0,51.0,0.3803699284009547,0.0,1785497784
930,BTCIRT,12348336054.0,12316056089.0,12348336054.0,32279965.0,0.26209660598111945,0.0,1785497791
931,ETHIRT,364771932.0,363946777.0,364721836.0,775059.0,0.21295943500002473,0.0,1785497791
932,BNBIRT,114796441.0,114130119.0,114796441.0,666322.0,0.583826605841005,0.0,1785497791
933,SOLIRT,14189361.0,14172094.0,14234566.0,62472.0,0.44080994664585205,0.0,1785497791
934,XRPIRT,207332.0,206873.0,207560.0,687.0,0.3320878026615363,0.0,1785497791
935,DOGEIRT,13452.0,13408.0,13459.0,51.0,0.3803699284009547,0.0,1785497791
936,BTCIRT,12348336054.0,12316056089.0,12348336054.0,32279965.0,0.26209660598111945,0.0,1785497798
937,ETHIRT,364771932.0,363946777.0,364721836.0,775059.0,0.21295943500002473,0.0,1785497798
938,BNBIRT,114796441.0,114130119.0,114796441.0,666322.0,0.583826605841005,0.0,1785497798
939,SOLIRT,14189361.0,14172094.0,14234566.0,62472.0,0.44080994664585205,0.0,1785497798
940,XRPIRT,207332.0,206873.0,207560.0,687.0,0.3320878026615363,0.0,1785497798
941,DOGEIRT,13452.0,13408.0,13459.0,51.0,0.3803699284009547,0.0,1785497798
942,BTCIRT,12348336054.0,12316056089.0,12348336054.0,32279965.0,0.26209660598111945,0.0,1785497806
943,ETHIRT,364771932.0,363946777.0,364721836.0,775059.0,0.21295943500002473,0.0,1785497806
944,BNBIRT,114796441.0,114130119.0,114796441.0,666322.0,0.583826605841005,0.0,1785497806
945,SOLIRT,14189361.0,14172094.0,14234566.0,62472.0,0.44080994664585205,0.0,1785497806
946,XRPIRT,207332.0,206873.0,207560.0,687.0,0.3320878026615363,0.0,1785497806
947,DOGEIRT,13452.0,13408.0,13459.0,51.0,0.3803699284009547,0.0,1785497806
948,BTCIRT,12348336054.0,12316056089.0,12348336054.0,32279965.0,0.26209660598111945,0.0,1785497813
949,ETHIRT,364771932.0,363946777.0,364721836.0,775059.0,0.21295943500002473,0.0,1785497813
950,BNBIRT,114796441.0,114130119.0,114796441.0,666322.0,0.583826605841005,0.0,1785497813
951,SOLIRT,14189361.0,14172094.0,14234566.0,62472.0,0.44080994664585205,0.0,1785497813
952,XRPIRT,207332.0,206873.0,207560.0,687.0,0.3320878026615363,0.0,1785497813
953,DOGEIRT,13452.0,13408.0,13459.0,51.0,0.3803699284009547,0.0,1785497813
954,BTCIRT,12348336054.0,12316056089.0,12348336054.0,32279965.0,0.26209660598111945,0.0,1785497820
955,ETHIRT,364771932.0,363946777.0,364721836.0,775059.0,0.21295943500002473,0.0,1785497820
956,BNBIRT,114796441.0,114130119.0,114796441.0,666322.0,0.583826605841005,0.0,1785497820
957,SOLIRT,14189361.0,14172094.0,14234566.0,62472.0,0.44080994664585205,0.0,1785497820
958,XRPIRT,207332.0,206873.0,207560.0,687.0,0.3320878026615363,0.0,1785497820
959,DOGEIRT,13452.0,13408.0,13459.0,51.0,0.3803699284009547,0.0,1785497820
960,BTCIRT,12348336054.0,12316056089.0,12348336054.0,32279965.0,0.26209660598111945,0.0,1785497827
961,ETHIRT,364771932.0,363946777.0,364721836.0,775059.0,0.21295943500002473,0.0,1785497827
962,BNBIRT,114796441.0,114130119.0,114796441.0,666322.0,0.583826605841005,0.0,1785497827
963,SOLIRT,14189361.0,14172094.0,14234566.0,62472.0,0.44080994664585205,0.0,1785497827
964,XRPIRT,207332.0,206873.0,207560.0,687.0,0.3320878026615363,0.0,1785497827
965,DOGEIRT,13452.0,13408.0,13459.0,51.0,0.3803699284009547,0.0,1785497827
966,BTCIRT,12348336054.0,12316056089.0,12348336054.0,32279965.0,0.26209660598111945,0.0,1785497834
967,ETHIRT,364771932.0,363946777.0,364721836.0,775059.0,0.21295943500002473,0.0,1785497834
968,BNBIRT,114796441.0,114130119.0,114796441.0,666322.0,0.583826605841005,0.0,1785497834
969,SOLIRT,14189361.0,14172094.0,14234566.0,62472.0,0.44080994664585205,0.0,1785497834
970,XRPIRT,207332.0,206873.0,207560.0,687.0,0.3320878026615363,0.0,1785497834
971,DOGEIRT,13452.0,13408.0,13459.0,51.0,0.3803699284009547,0.0,1785497834
972,BTCIRT,12348336054.0,12316056089.0,12348336054.0,32279965.0,0.26209660598111945,0.0,1785497905
973,ETHIRT,364771932.0,363946777.0,364721836.0,775059.0,0.21295943500002473,0.0,1785497905
974,BNBIRT,114796441.0,114130119.0,114796441.0,666322.0,0.583826605841005,0.0,1785497905
975,SOLIRT,14189361.0,14172094.0,14234566.0,62472.0,0.44080994664585205,0.0,1785497905
976,DOGEIRT,13422.0,13422.0,13458.0,36.0,0.2682163611980331,0.0,1785497905
977,BTCIRT,12329205358.0,12329205357.0,12331663277.0,2457920.0,0.019935753593434122,0.0,1785497912
978,ETHIRT,364771932.0,363946777.0,364624342.0,677565.0,0.1861714522065956,0.0,1785497912
979,BNBIRT,114796441.0,114246155.0,114725497.0,479342.0,0.4195694813536613,0.0,1785497912
980,SOLIRT,14189361.0,14189861.0,14227268.0,37407.0,0.2636178042899786,0.0,1785497912
981,XRPIRT,207332.0,206883.0,207512.0,629.0,0.3040365810627263,0.0,1785497912
982,DOGEIRT,13458.0,13423.0,13458.0,35.0,0.2607464799225211,0.0,1785497912
983,BTCIRT,12329205358.0,12329205358.0,12331663277.0,2457919.0,0.019935745480994364,0.0,1785497919
984,ETHIRT,364771932.0,363946777.0,364624342.0,677565.0,0.1861714522065956,0.0,1785497919
985,BNBIRT,114796441.0,114246155.0,114725497.0,479342.0,0.4195694813536613,0.0,1785497919
986,SOLIRT,14189361.0,14185918.0,14227267.0,41349.0,0.2914791978918812,0.0,1785497919
987,XRPIRT,207332.0,206883.0,207512.0,629.0,0.3040365810627263,0.0,1785497919
988,DOGEIRT,13458.0,13423.0,13458.0,35.0,0.2607464799225211,0.0,1785497919
989,BTCIRT,12329205358.0,12329205358.0,12331663277.0,2457919.0,0.019935745480994364,0.0,1785497926
990,ETHIRT,364771932.0,363946777.0,364624342.0,677565.0,0.1861714522065956,0.0,1785497926
991,BNBIRT,114796441.0,114246155.0,114725497.0,479342.0,0.4195694813536613,0.0,1785497926
992,SOLIRT,14189361.0,14185918.0,14234567.0,48649.0,0.34293868045762005,0.0,1785497926
993,XRPIRT,207332.0,206883.0,207512.0,629.0,0.3040365810627263,0.0,1785497926
994,DOGEIRT,13458.0,13423.0,13463.0,40.0,0.29799597705430975,0.0,1785497926
995,BTCIRT,12329205358.0,12329205358.0,12331663277.0,2457919.0,0.019935745480994364,0.0,1785497933
996,ETHIRT,364771932.0,363946777.0,364624342.0,677565.0,0.1861714522065956,0.0,1785497933
997,BNBIRT,114796441.0,114246156.0,114725497.0,479341.0,0.41956860237818416,0.0,1785497933
998,SOLIRT,14189361.0,14189779.0,14231139.0,41360.0,0.2914774077876759,0.0,1785497933
999,XRPIRT,207332.0,206883.0,207512.0,629.0,0.3040365810627263,0.0,1785497933
1000,DOGEIRT,13458.0,13423.0,13463.0,40.0,0.29799597705430975,0.0,1785497933
1001,BTCIRT,12329205358.0,12329205358.0,12331663277.0,2457919.0,0.019935745480994364,0.0,1785497940
1002,ETHIRT,364771932.0,363946777.0,364624342.0,677565.0,0.1861714522065956,0.0,1785497940
1003,BNBIRT,114796441.0,114246158.0,114725497.0,479339.0,0.41956684442727604,0.0,1785497940
1004,SOLIRT,14231138.0,14189779.0,14231139.0,41360.0,0.2914774077876759,0.0,1785497940
1005,XRPIRT,207332.0,206883.0,207512.0,629.0,0.3040365810627263,0.0,1785497940
1006,DOGEIRT,13458.0,13423.0,13463.0,40.0,0.29799597705430975,0.0,1785497940
1007,BTCIRT,12329205358.0,12329205358.0,12331663277.0,2457919.0,0.019935745480994364,0.0,1785497947
1008,ETHIRT,364771932.0,363946777.0,364624342.0,677565.0,0.1861714522065956,0.0,1785497947
1009,BNBIRT,114796441.0,114246161.0,114725497.0,479336.0,0.41956420750102924,0.0,1785497947
1010,SOLIRT,14231138.0,14189779.0,14231138.0,41359.0,0.2914703604615688,0.0,1785497947
1011,XRPIRT,207332.0,206883.0,207512.0,629.0,0.3040365810627263,0.0,1785497947
1012,DOGEIRT,13458.0,13423.0,13463.0,40.0,0.29799597705430975,0.0,1785497947
1013,BTCIRT,12329205358.0,12329205358.0,12331663277.0,2457919.0,0.019935745480994364,0.0,1785497954
1014,ETHIRT,364771932.0,363946777.0,364624342.0,677565.0,0.1861714522065956,0.0,1785497954
1015,BNBIRT,114796441.0,114246155.0,114725497.0,479342.0,0.4195694813536613,0.0,1785497954
1016,SOLIRT,14231138.0,14189779.0,14231138.0,41359.0,0.2914703604615688,0.0,1785497954
1017,XRPIRT,207332.0,206883.0,207512.0,629.0,0.3040365810627263,0.0,1785497954
1018,DOGEIRT,13458.0,13423.0,13462.0,39.0,0.29054607762795204,0.0,1785497954
1019,BTCIRT,12329205358.0,12329205358.0,12331663277.0,2457919.0,0.019935745480994364,0.0,1785498001
1020,ETHIRT,364771932.0,363946777.0,364624342.0,677565.0,0.1861714522065956,0.0,1785498001
1021,BNBIRT,114796441.0,114246155.0,114541195.0,295040.0,0.2582493914127788,0.0,1785498001
1022,SOLIRT,14231138.0,14189779.0,14231138.0,41359.0,0.2914703604615688,0.0,1785498001
1023,XRPIRT,207332.0,206883.0,207512.0,629.0,0.3040365810627263,0.0,1785498001
1024,BTCIRT,12329205358.0,12329205358.0,12331663277.0,2457919.0,0.019935745480994364,0.0,1785498009
1025,ETHIRT,364771932.0,363946777.0,364624342.0,677565.0,0.1861714522065956,0.0,1785498009
1026,BNBIRT,114796441.0,114246155.0,114504999.0,258844.0,0.22656692472495027,0.0,1785498009
1027,SOLIRT,14231138.0,14189779.0,14231138.0,41359.0,0.2914703604615688,0.0,1785498009
1028,XRPIRT,207332.0,206883.0,207512.0,629.0,0.3040365810627263,0.0,1785498009
1029,DOGEIRT,13458.0,13423.0,13463.0,40.0,0.29799597705430975,0.0,1785498009
1030,BTCIRT,12329205358.0,12329205358.0,12331663277.0,2457919.0,0.019935745480994364,0.0,1785498016
1031,ETHIRT,364771932.0,363946777.0,364624342.0,677565.0,0.1861714522065956,0.0,1785498016
1032,BNBIRT,114796441.0,114246155.0,114504999.0,258844.0,0.22656692472495027,0.0,1785498016
1033,SOLIRT,14231138.0,14189779.0,14231138.0,41359.0,0.2914703604615688,0.0,1785498016
1034,XRPIRT,207332.0,206883.0,207512.0,629.0,0.3040365810627263,0.0,1785498016
1035,DOGEIRT,13458.0,13423.0,13463.0,40.0,0.29799597705430975,0.0,1785498016
1036,BTCIRT,12329205358.0,12329205358.0,12331663277.0,2457919.0,0.019935745480994364,0.0,1785498023
1037,ETHIRT,364771932.0,363946777.0,364624342.0,677565.0,0.1861714522065956,0.0,1785498023
1038,BNBIRT,114796441.0,114246155.0,114725497.0,479342.0,0.4195694813536613,0.0,1785498023
1039,SOLIRT,14231138.0,14189779.0,14234567.0,44788.0,0.31563564168265057,0.0,1785498023
1040,XRPIRT,207332.0,206883.0,207512.0,629.0,0.3040365810627263,0.0,1785498023
1041,DOGEIRT,13458.0,13423.0,13463.0,40.0,0.29799597705430975,0.0,1785498023
1042,BTCIRT,12329205358.0,12329205358.0,12331663277.0,2457919.0,0.019935745480994364,0.0,1785498030
1043,ETHIRT,364771932.0,363946777.0,364624342.0,677565.0,0.1861714522065956,0.0,1785498030
1044,BNBIRT,114796441.0,114246155.0,114725497.0,479342.0,0.4195694813536613,0.0,1785498030
1045,SOLIRT,14231138.0,14195462.0,14234566.0,39104.0,0.27546831515592796,0.0,1785498030
1046,XRPIRT,207332.0,206883.0,207512.0,629.0,0.3040365810627263,0.0,1785498030
1047,DOGEIRT,13458.0,13423.0,13463.0,40.0,0.29799597705430975,0.0,1785498030
1048,BTCIRT,12329205358.0,12329205358.0,12331663277.0,2457919.0,0.019935745480994364,0.0,1785498037
1049,ETHIRT,364771932.0,363946777.0,364624342.0,677565.0,0.1861714522065956,0.0,1785498037
1050,BNBIRT,114796441.0,114246155.0,114725497.0,479342.0,0.4195694813536613,0.0,1785498037
1051,SOLIRT,14231138.0,14195463.0,14234566.0,39103.0,0.27546125124626086,0.0,1785498037
1052,XRPIRT,207332.0,206883.0,207512.0,629.0,0.3040365810627263,0.0,1785498037
1053,DOGEIRT,13458.0,13422.0,13463.0,41.0,0.3054686335866488,0.0,1785498037
1054,BTCIRT,12329205358.0,12329205358.0,12331663277.0,2457919.0,0.019935745480994364,0.0,1785498045
1055,ETHIRT,364771932.0,363946777.0,364624342.0,677565.0,0.1861714522065956,0.0,1785498045
1056,BNBIRT,114796441.0,114246155.0,114725497.0,479342.0,0.4195694813536613,0.0,1785498045
1057,SOLIRT,14231138.0,14195463.0,14234566.0,39103.0,0.27546125124626086,0.0,1785498045
1058,XRPIRT,207332.0,206883.0,207512.0,629.0,0.3040365810627263,0.0,1785498045
1059,DOGEIRT,13458.0,13423.0,13463.0,40.0,0.29799597705430975,0.0,1785498045
1060,BTCIRT,12329205358.0,12329205358.0,12331663277.0,2457919.0,0.019935745480994364,0.0,1785498052
1061,ETHIRT,364771932.0,363946777.0,364624342.0,677565.0,0.1861714522065956,0.0,1785498052
1062,BNBIRT,114796441.0,114246155.0,114725497.0,479342.0,0.4195694813536613,0.0,1785498052
1063,SOLIRT,14231138.0,14195463.0,14234566.0,39103.0,0.27546125124626086,0.0,1785498052
1064,XRPIRT,207332.0,206883.0,207512.0,629.0,0.3040365810627263,0.0,1785498052
1065,DOGEIRT,13458.0,13423.0,13468.0,45.0,0.3352454741860985,0.0,1785498052
1066,BTCIRT,12331663277.0,12335484227.0,12348336054.0,12851827.0,0.1041858330285067,0.0,1785498059
1067,ETHIRT,364771932.0,363946777.0,364624342.0,677565.0,0.1861714522065956,0.0,1785498059
1068,BNBIRT,114796441.0,114246155.0,114725497.0,479342.0,0.4195694813536613,0.0,1785498059
1069,SOLIRT,14231138.0,14195463.0,14234566.0,39103.0,0.27546125124626086,0.0,1785498059
1070,XRPIRT,207332.0,206883.0,207512.0,629.0,0.3040365810627263,0.0,1785498059
1071,DOGEIRT,13458.0,13429.0,13467.0,38.0,0.28296969245662373,0.0,1785498059
1072,BTCIRT,12331663277.0,12335484227.0,12348336054.0,12851827.0,0.1041858330285067,0.0,1785498066
1073,ETHIRT,364771932.0,363946777.0,364624342.0,677565.0,0.1861714522065956,0.0,1785498066
1074,BNBIRT,114796441.0,114246155.0,114725497.0,479342.0,0.4195694813536613,0.0,1785498066
1075,SOLIRT,14231138.0,14201256.0,14234566.0,33310.0,0.23455671808183726,0.0,1785498066
1076,XRPIRT,207332.0,206883.0,207512.0,629.0,0.3040365810627263,0.0,1785498066
1077,DOGEIRT,13458.0,13430.0,13467.0,37.0,0.27550260610573346,0.0,1785498066
1078,BTCIRT,12331663277.0,12331931074.0,12348336054.0,16404980.0,0.1330284762504666,0.0,1785498073
1079,ETHIRT,364771932.0,363946777.0,364624342.0,677565.0,0.1861714522065956,0.0,1785498073
1080,BNBIRT,114796441.0,114246155.0,114725497.0,479342.0,0.4195694813536613,0.0,1785498073
1081,SOLIRT,14231138.0,14195462.0,14234566.0,39104.0,0.27546831515592796,0.0,1785498073
1082,XRPIRT,207332.0,206883.0,207512.0,629.0,0.3040365810627263,0.0,1785498073
1083,DOGEIRT,13458.0,13430.0,13467.0,37.0,0.27550260610573346,0.0,1785498073
1084,BTCIRT,12331663277.0,12331931075.0,12348336054.0,16404979.0,0.1330284681306492,0.0,1785498080
1085,ETHIRT,364771932.0,363946777.0,364624342.0,677565.0,0.1861714522065956,0.0,1785498080
1086,BNBIRT,114796441.0,114246154.0,114725497.0,479343.0,0.41957036032915385,0.0,1785498080
1087,SOLIRT,14231138.0,14195463.0,14234566.0,39103.0,0.27546125124626086,0.0,1785498080
1088,XRPIRT,207332.0,206883.0,207512.0,629.0,0.3040365810627263,0.0,1785498080
1089,DOGEIRT,13458.0,13430.0,13467.0,37.0,0.27550260610573346,0.0,1785498080
1090,BTCIRT,12331663277.0,12331931075.0,12348336054.0,16404979.0,0.1330284681306492,0.0,1785498087
1091,ETHIRT,364771932.0,363946777.0,364624342.0,677565.0,0.1861714522065956,0.0,1785498087
1092,BNBIRT,114796441.0,114246155.0,114725497.0,479342.0,0.4195694813536613,0.0,1785498087
1093,SOLIRT,14231138.0,14195463.0,14234566.0,39103.0,0.27546125124626086,0.0,1785498087
1094,XRPIRT,207332.0,206883.0,207512.0,629.0,0.3040365810627263,0.0,1785498087
1095,DOGEIRT,13458.0,13430.0,13467.0,37.0,0.27550260610573346,0.0,1785498087
1096,BTCIRT,12331663277.0,12334570494.0,12348336054.0,13765560.0,0.11160145387061583,0.0,1785498095
1097,ETHIRT,364771932.0,363946777.0,364624342.0,677565.0,0.1861714522065956,0.0,1785498095
1098,BNBIRT,114796441.0,114246155.0,114725497.0,479342.0,0.4195694813536613,0.0,1785498095
1099,SOLIRT,14231138.0,14195463.0,14234566.0,39103.0,0.27546125124626086,0.0,1785498095
1100,XRPIRT,207512.0,206883.0,207512.0,629.0,0.3040365810627263,0.0,1785498095
1101,DOGEIRT,13458.0,13430.0,13467.0,37.0,0.27550260610573346,0.0,1785498095
1102,BTCIRT,12331663277.0,12334570494.0,12348336054.0,13765560.0,0.11160145387061583,0.0,1785498102
1103,ETHIRT,364771932.0,363946799.0,364624342.0,677543.0,0.1861653961132929,0.0,1785498102
1104,BNBIRT,114796441.0,114246155.0,114725497.0,479342.0,0.4195694813536613,0.0,1785498102
1105,SOLIRT,14231138.0,14195463.0,14234566.0,39103.0,0.27546125124626086,0.0,1785498102
1106,XRPIRT,207512.0,206883.0,207512.0,629.0,0.3040365810627263,0.0,1785498102
1107,DOGEIRT,13458.0,13430.0,13467.0,37.0,0.27550260610573346,0.0,1785498102
1108,BTCIRT,12331663277.0,12334570494.0,12348336054.0,13765560.0,0.11160145387061583,0.0,1785498109
1109,ETHIRT,364771932.0,363946799.0,364624342.0,677543.0,0.1861653961132929,0.0,1785498109
1110,BNBIRT,114796441.0,114246155.0,114725497.0,479342.0,0.4195694813536613,0.0,1785498109
1111,SOLIRT,14231138.0,14195463.0,14234566.0,39103.0,0.27546125124626086,0.0,1785498109
1112,XRPIRT,207512.0,206890.0,207512.0,622.0,0.30064285369036686,0.0,1785498109
1113,DOGEIRT,13458.0,13430.0,13467.0,37.0,0.27550260610573346,0.0,1785498109
1114,BTCIRT,12331663277.0,12334570495.0,12348336054.0,13765559.0,0.1116014457542731,0.0,1785498181
1115,ETHIRT,364771932.0,363946799.0,364624342.0,677543.0,0.1861653961132929,0.0,1785498181
1116,BNBIRT,114796441.0,114246155.0,114725497.0,479342.0,0.4195694813536613,0.0,1785498181
1117,XRPIRT,207512.0,206977.0,207605.0,628.0,0.3034153553293361,0.0,1785498181
1118,DOGEIRT,13458.0,13430.0,13467.0,37.0,0.27550260610573346,0.0,1785498181
1119,BTCIRT,12331663277.0,12333953644.0,12348336054.0,14382410.0,0.11660827026860521,0.0,1785498191
1120,ETHIRT,364771932.0,363946799.0,364820038.0,873239.0,0.23993589238849164,0.0,1785498191
1121,BNBIRT,114796441.0,114246155.0,114725497.0,479342.0,0.4195694813536613,0.0,1785498191
1122,SOLIRT,14231138.0,14198129.0,14234567.0,36438.0,0.2566394487611713,0.0,1785498191
1123,XRPIRT,207512.0,206977.0,207605.0,628.0,0.3034153553293361,0.0,1785498191
1124,DOGEIRT,13458.0,13430.0,13467.0,37.0,0.27550260610573346,0.0,1785498191
1125,BTCIRT,12331663277.0,12333953644.0,12348336054.0,14382410.0,0.11660827026860521,0.0,1785498199
1126,ETHIRT,364771932.0,363946799.0,364820038.0,873239.0,0.23993589238849164,0.0,1785498199
1127,BNBIRT,114796441.0,114246155.0,114725497.0,479342.0,0.4195694813536613,0.0,1785498199
1128,SOLIRT,14231138.0,14198129.0,14234567.0,36438.0,0.2566394487611713,0.0,1785498199
1129,XRPIRT,207512.0,206977.0,207605.0,628.0,0.3034153553293361,0.0,1785498199
1130,DOGEIRT,13458.0,13430.0,13467.0,37.0,0.27550260610573346,0.0,1785498199
1131,BTCIRT,12331663277.0,12329205358.0,12348336054.0,19130696.0,0.15516568541529518,0.0,1785498206
1132,ETHIRT,364771932.0,363946799.0,364820038.0,873239.0,0.23993589238849164,0.0,1785498206
1133,BNBIRT,114796441.0,114171794.0,114725497.0,553703.0,0.4849735478449257,0.0,1785498206
1134,SOLIRT,14231138.0,14189094.0,14234567.0,45473.0,0.3204785309054969,0.0,1785498206
1135,XRPIRT,207512.0,206977.0,207605.0,628.0,0.3034153553293361,0.0,1785498206
1136,DOGEIRT,13458.0,13430.0,13467.0,37.0,0.27550260610573346,0.0,1785498206
1137,BTCIRT,12331663277.0,12329205359.0,12348336054.0,19130695.0,0.15516567729188718,0.0,1785498213
1138,ETHIRT,364771932.0,363946799.0,364820038.0,873239.0,0.23993589238849164,0.0,1785498213
1139,BNBIRT,114796441.0,114171796.0,114615377.0,443581.0,0.388520646552674,0.0,1785498213
1140,SOLIRT,14231138.0,14190404.0,14233728.0,43324.0,0.30530490886658335,0.0,1785498213
1141,XRPIRT,207512.0,206977.0,207605.0,628.0,0.3034153553293361,0.0,1785498213
1142,DOGEIRT,13458.0,13430.0,13467.0,37.0,0.27550260610573346,0.0,1785498213
1143,BTCIRT,12331663277.0,12331629206.0,12348336054.0,16706848.0,0.1354796492897404,0.0,1785498220
1144,ETHIRT,364771932.0,363946799.0,364820038.0,873239.0,0.23993589238849164,0.0,1785498220
1145,BNBIRT,114796441.0,114171796.0,114615377.0,443581.0,0.388520646552674,0.0,1785498220
1146,SOLIRT,14231138.0,14190404.0,14233728.0,43324.0,0.30530490886658335,0.0,1785498220
1147,XRPIRT,207512.0,206977.0,207605.0,628.0,0.3034153553293361,0.0,1785498220
1148,DOGEIRT,13458.0,13430.0,13467.0,37.0,0.27550260610573346,0.0,1785498220
1149,BTCIRT,12331663277.0,12331629206.0,12348336054.0,16706848.0,0.1354796492897404,0.0,1785498227
1150,ETHIRT,364771932.0,363946799.0,364820038.0,873239.0,0.23993589238849164,0.0,1785498227
1151,BNBIRT,114796441.0,114117192.0,114615763.0,498571.0,0.43689385557261173,0.0,1785498227
1152,SOLIRT,14231138.0,14190404.0,14233728.0,43324.0,0.30530490886658335,0.0,1785498227
1153,XRPIRT,207512.0,206977.0,207605.0,628.0,0.3034153553293361,0.0,1785498227
1154,DOGEIRT,13458.0,13430.0,13467.0,37.0,0.27550260610573346,0.0,1785498227
1155,BTCIRT,12331663277.0,12331629206.0,12348336054.0,16706848.0,0.1354796492897404,0.0,1785498234
1156,ETHIRT,364771932.0,363946799.0,364820038.0,873239.0,0.23993589238849164,0.0,1785498234
1157,BNBIRT,114796441.0,114117193.0,114615763.0,498570.0,0.4368929754519987,0.0,1785498234
1158,SOLIRT,14231138.0,14190404.0,14233728.0,43324.0,0.30530490886658335,0.0,1785498234
1159,XRPIRT,207512.0,206977.0,207605.0,628.0,0.3034153553293361,0.0,1785498234
1160,DOGEIRT,13458.0,13430.0,13467.0,37.0,0.27550260610573346,0.0,1785498234
1161,BTCIRT,12331663277.0,12331629206.0,12348336054.0,16706848.0,0.1354796492897404,0.0,1785498281
1162,ETHIRT,364771932.0,363946799.0,364820038.0,873239.0,0.23993589238849164,0.0,1785498281
1163,BNBIRT,114796441.0,114117193.0,114615763.0,498570.0,0.4368929754519987,0.0,1785498281
1164,XRPIRT,207512.0,206947.0,207512.0,565.0,0.2730167627460171,0.0,1785498281
1165,DOGEIRT,13458.0,13430.0,13467.0,37.0,0.27550260610573346,0.0,1785498281
1166,BTCIRT,12331663277.0,12333259039.0,12348336054.0,15077015.0,0.12224680396579482,0.0,1785498288
1167,ETHIRT,364771932.0,363946799.0,364820038.0,873239.0,0.23993589238849164,0.0,1785498288
1168,BNBIRT,114796441.0,114117193.0,114615763.0,498570.0,0.4368929754519987,0.0,1785498288
1169,SOLIRT,14231138.0,14190405.0,14233727.0,43322.0,0.3052907933212618,0.0,1785498288
1170,XRPIRT,207512.0,206947.0,207512.0,565.0,0.2730167627460171,0.0,1785498288
1171,DOGEIRT,13458.0,13430.0,13467.0,37.0,0.27550260610573346,0.0,1785498288
1172,BTCIRT,12331663277.0,12329205359.0,12348336053.0,19130694.0,0.15516566918106436,0.0,1785498295
1173,ETHIRT,364771932.0,363946799.0,364820038.0,873239.0,0.23993589238849164,0.0,1785498295
1174,BNBIRT,114796441.0,114117193.0,114615763.0,498570.0,0.4368929754519987,0.0,1785498295
1175,SOLIRT,14231138.0,14190405.0,14233727.0,43322.0,0.3052907933212618,0.0,1785498295
1176,XRPIRT,207512.0,206947.0,207512.0,565.0,0.2730167627460171,0.0,1785498295
1177,DOGEIRT,13458.0,13430.0,13467.0,37.0,0.27550260610573346,0.0,1785498295
1178,BTCIRT,12331663277.0,12329205359.0,12348336054.0,19130695.0,0.15516567729188718,0.0,1785498302
1179,ETHIRT,364771932.0,363946799.0,364820038.0,873239.0,0.23993589238849164,0.0,1785498302
1180,BNBIRT,114796441.0,114117193.0,114615763.0,498570.0,0.4368929754519987,0.0,1785498302
1181,SOLIRT,14231138.0,14190405.0,14233727.0,43322.0,0.3052907933212618,0.0,1785498302
1182,XRPIRT,207512.0,206947.0,207512.0,565.0,0.2730167627460171,0.0,1785498302
1183,DOGEIRT,13458.0,13430.0,13467.0,37.0,0.27550260610573346,0.0,1785498302
1184,BTCIRT,12331663277.0,12329205359.0,12348336054.0,19130695.0,0.15516567729188718,0.0,1785498309
1185,ETHIRT,364771932.0,363946799.0,364820038.0,873239.0,0.23993589238849164,0.0,1785498309
1186,BNBIRT,114796441.0,114117193.0,114615763.0,498570.0,0.4368929754519987,0.0,1785498309
1187,SOLIRT,14231138.0,14190405.0,14233727.0,43322.0,0.3052907933212618,0.0,1785498309
1188,XRPIRT,207512.0,206947.0,207512.0,565.0,0.2730167627460171,0.0,1785498309
1189,DOGEIRT,13458.0,13430.0,13467.0,37.0,0.27550260610573346,0.0,1785498309
1190,BTCIRT,12331663277.0,12329205359.0,12348336054.0,19130695.0,0.15516567729188718,0.0,1785498316
1191,ETHIRT,364771932.0,363946799.0,364820038.0,873239.0,0.23993589238849164,0.0,1785498316
1192,BNBIRT,114796441.0,114117193.0,114615763.0,498570.0,0.4368929754519987,0.0,1785498316
1193,SOLIRT,14231138.0,14190405.0,14233727.0,43322.0,0.3052907933212618,0.0,1785498316
1194,XRPIRT,207512.0,206947.0,207512.0,565.0,0.2730167627460171,0.0,1785498316
1195,DOGEIRT,13458.0,13430.0,13467.0,37.0,0.27550260610573346,0.0,1785498316
1196,BTCIRT,12331663277.0,12329205359.0,12348336054.0,19130695.0,0.15516567729188718,0.0,1785498323
1197,ETHIRT,364771932.0,363946799.0,364820038.0,873239.0,0.23993589238849164,0.0,1785498323
1198,BNBIRT,114796441.0,114117193.0,114615763.0,498570.0,0.4368929754519987,0.0,1785498323
1199,SOLIRT,14231138.0,14190405.0,14233727.0,43322.0,0.3052907933212618,0.0,1785498323
1200,XRPIRT,207512.0,206947.0,207512.0,565.0,0.2730167627460171,0.0,1785498323
1201,DOGEIRT,13458.0,13430.0,13467.0,37.0,0.27550260610573346,0.0,1785498323
1202,BTCIRT,12331663277.0,12329205359.0,12348336054.0,19130695.0,0.15516567729188718,0.0,1785498330
1203,ETHIRT,364771932.0,363946799.0,364820038.0,873239.0,0.23993589238849164,0.0,1785498330
1204,BNBIRT,114796441.0,114117193.0,114615763.0,498570.0,0.4368929754519987,0.0,1785498330
1205,SOLIRT,14231138.0,14198931.0,14233727.0,34796.0,0.24506070210496833,0.0,1785498330
1206,XRPIRT,207512.0,207040.0,207512.0,472.0,0.22797527047913446,0.0,1785498330
1207,DOGEIRT,13458.0,13430.0,13472.0,42.0,0.3127326880119136,0.0,1785498330
1208,BTCIRT,12331663277.0,12329205359.0,12348336054.0,19130695.0,0.15516567729188718,0.0,1785498337
1209,ETHIRT,364771932.0,363946800.0,364820038.0,873238.0,0.239935616963798,0.0,1785498337
1210,BNBIRT,114796441.0,114236147.0,114615763.0,379616.0,0.3323081266037448,0.0,1785498337
1211,SOLIRT,14231138.0,14198931.0,14234478.0,35547.0,0.25034983267402316,0.0,1785498337
1212,XRPIRT,207512.0,207041.0,207553.0,512.0,0.24729401422906575,0.0,1785498337
1213,DOGEIRT,13458.0,13439.0,13473.0,34.0,0.25299501451000816,0.0,1785498337
1214,BTCIRT,12331663277.0,12330711586.0,12348336054.0,17624468.0,0.14293147542280046,0.0,1785498344
1215,ETHIRT,364771932.0,363946801.0,364820038.0,873237.0,0.23993534153910587,0.0,1785498344
1216,BNBIRT,114796441.0,114236148.0,114660573.0,424425.0,0.37153301072441625,0.0,1785498344
1217,SOLIRT,14231138.0,14198932.0,14234478.0,35546.0,0.25034277225920937,0.0,1785498344
1218,XRPIRT,207512.0,207041.0,207553.0,512.0,0.24729401422906575,0.0,1785498344
1219,DOGEIRT,13458.0,13439.0,13473.0,34.0,0.25299501451000816,0.0,1785498344
1220,BTCIRT,12331663277.0,12330711586.0,12348336054.0,17624468.0,0.14293147542280046,0.0,1785498391
1221,ETHIRT,364771932.0,363946778.0,364820038.0,873260.0,0.23994167630740781,0.0,1785498391
1222,BNBIRT,114796441.0,114236342.0,114660573.0,424231.0,0.3713625564095881,0.0,1785498391
1223,SOLIRT,14231138.0,14198932.0,14234478.0,35546.0,0.25034277225920937,0.0,1785498391
1224,XRPIRT,207512.0,207041.0,207553.0,512.0,0.24729401422906575,0.0,1785498391
1225,BTCIRT,12331907811.0,12329281568.0,12348336054.0,19054486.0,0.15454660431679096,0.0,1785498398
1226,ETHIRT,364771932.0,364000000.0,364832569.0,832569.0,0.22872774725274722,0.0,1785498398
1227,BNBIRT,114660573.0,114236342.0,114660573.0,424231.0,0.3713625564095881,0.0,1785498398
1228,SOLIRT,14231138.0,14197706.0,14234566.0,36860.0,0.2596194061209607,0.0,1785498398
1229,XRPIRT,207512.0,207041.0,207553.0,512.0,0.24729401422906575,0.0,1785498398
1230,DOGEIRT,13458.0,13439.0,13478.0,39.0,0.29020016370265644,0.0,1785498398
1231,BTCIRT,12331907811.0,12329281569.0,12348336054.0,19054485.0,0.15454659619348338,0.0,1785498405
1232,ETHIRT,364771932.0,364000000.0,364832569.0,832569.0,0.22872774725274722,0.0,1785498405
1233,BNBIRT,114660573.0,114236342.0,114660573.0,424231.0,0.3713625564095881,0.0,1785498405
1234,SOLIRT,14231138.0,14197706.0,14234566.0,36860.0,0.2596194061209607,0.0,1785498405
1235,XRPIRT,207512.0,207041.0,207553.0,512.0,0.24729401422906575,0.0,1785498405
1236,DOGEIRT,13458.0,13439.0,13478.0,39.0,0.29020016370265644,0.0,1785498405
1237,BTCIRT,12331907811.0,12329205359.0,12348336053.0,19130694.0,0.15516566918106436,0.0,1785498413
1238,ETHIRT,364771932.0,364000000.0,364832569.0,832569.0,0.22872774725274722,0.0,1785498413
1239,BNBIRT,114660573.0,114236342.0,114660573.0,424231.0,0.3713625564095881,0.0,1785498413
1240,SOLIRT,14231138.0,14197706.0,14234566.0,36860.0,0.2596194061209607,0.0,1785498413
1241,XRPIRT,207512.0,207041.0,207553.0,512.0,0.24729401422906575,0.0,1785498413
1242,DOGEIRT,13458.0,13439.0,13478.0,39.0,0.29020016370265644,0.0,1785498413
1243,BTCIRT,12331907811.0,12329205359.0,12348336053.0,19130694.0,0.15516566918106436,0.0,1785498420
1244,ETHIRT,364771932.0,364000000.0,364832569.0,832569.0,0.22872774725274722,0.0,1785498420
1245,BNBIRT,114660573.0,114236342.0,114660573.0,424231.0,0.3713625564095881,0.0,1785498420
1246,SOLIRT,14231138.0,14197706.0,14234566.0,36860.0,0.2596194061209607,0.0,1785498420
1247,XRPIRT,207512.0,207041.0,207553.0,512.0,0.24729401422906575,0.0,1785498420
1248,DOGEIRT,13458.0,13439.0,13478.0,39.0,0.29020016370265644,0.0,1785498420
1249,BTCIRT,12331907811.0,12329205359.0,12348336053.0,19130694.0,0.15516566918106436,0.0,1785498427
1250,ETHIRT,364771932.0,364000000.0,364832569.0,832569.0,0.22872774725274722,0.0,1785498427
1251,BNBIRT,114660573.0,114236342.0,114660573.0,424231.0,0.3713625564095881,0.0,1785498427
1252,SOLIRT,14231138.0,14197705.0,14234566.0,36861.0,0.25962646779884496,0.0,1785498427
1253,XRPIRT,207512.0,207041.0,207553.0,512.0,0.24729401422906575,0.0,1785498427
1254,DOGEIRT,13458.0,13438.0,13478.0,40.0,0.2976633427593392,0.0,1785498427
1255,BTCIRT,12331907811.0,12334602527.0,12348336053.0,13733526.0,0.11134145563213575,0.0,1785498434
1256,ETHIRT,364771932.0,364000000.0,364832569.0,832569.0,0.22872774725274722,0.0,1785498434
1257,BNBIRT,114660573.0,114236342.0,114660573.0,424231.0,0.3713625564095881,0.0,1785498434
1258,SOLIRT,14231138.0,14197705.0,14234566.0,36861.0,0.25962646779884496,0.0,1785498434
1259,XRPIRT,207512.0,207041.0,207553.0,512.0,0.24729401422906575,0.0,1785498434
1260,DOGEIRT,13458.0,13438.0,13478.0,40.0,0.2976633427593392,0.0,1785498434
1261,BTCIRT,12331907811.0,12335282011.0,12348336053.0,13054042.0,0.10582686304503655,0.0,1785498441
1262,ETHIRT,364771932.0,364000000.0,364832569.0,832569.0,0.22872774725274722,0.0,1785498441
1263,BNBIRT,114660573.0,114236342.0,114660573.0,424231.0,0.3713625564095881,0.0,1785498441
1264,SOLIRT,14231138.0,14197705.0,14234566.0,36861.0,0.25962646779884496,0.0,1785498441
1265,XRPIRT,207512.0,207041.0,207553.0,512.0,0.24729401422906575,0.0,1785498441
1266,DOGEIRT,13458.0,13438.0,13478.0,40.0,0.2976633427593392,0.0,1785498441
1267,BTCIRT,12331907811.0,12329205359.0,12348336053.0,19130694.0,0.15516566918106436,0.0,1785498448
1268,ETHIRT,364771932.0,364000000.0,364832569.0,832569.0,0.22872774725274722,0.0,1785498448
1269,BNBIRT,114660573.0,114236342.0,114660573.0,424231.0,0.3713625564095881,0.0,1785498448
1270,SOLIRT,14231138.0,14197705.0,14234566.0,36861.0,0.25962646779884496,0.0,1785498448
1271,XRPIRT,207512.0,207041.0,207553.0,512.0,0.24729401422906575,0.0,1785498448
1272,DOGEIRT,13439.0,13439.0,13478.0,39.0,0.29020016370265644,0.0,1785498448
1273,BTCIRT,12331907811.0,12329205359.0,12348336053.0,19130694.0,0.15516566918106436,0.0,1785498455
1274,ETHIRT,364771932.0,364000000.0,364832569.0,832569.0,0.22872774725274722,0.0,1785498455
1275,BNBIRT,114660573.0,114236342.0,114660573.0,424231.0,0.3713625564095881,0.0,1785498455
1276,SOLIRT,14231138.0,14197705.0,14234566.0,36861.0,0.25962646779884496,0.0,1785498455
1277,XRPIRT,207512.0,207041.0,207553.0,512.0,0.24729401422906575,0.0,1785498455
1278,DOGEIRT,13439.0,13438.0,13478.0,40.0,0.2976633427593392,0.0,1785498455
1279,BTCIRT,12331907811.0,12329205359.0,12348336053.0,19130694.0,0.15516566918106436,0.0,1785498462
1280,ETHIRT,364771932.0,364000000.0,364832569.0,832569.0,0.22872774725274722,0.0,1785498462
1281,BNBIRT,114660573.0,114236342.0,114660573.0,424231.0,0.3713625564095881,0.0,1785498462
1282,SOLIRT,14231138.0,14197706.0,14234566.0,36860.0,0.2596194061209607,0.0,1785498462
1283,XRPIRT,207512.0,207040.0,207553.0,513.0,0.24777820710973725,0.0,1785498462
1284,DOGEIRT,13439.0,13439.0,13477.0,38.0,0.28275913386412677,0.0,1785498462
1285,BTCIRT,12331907811.0,12329205359.0,12348336053.0,19130694.0,0.15516566918106436,0.0,1785498534
1286,ETHIRT,364771932.0,364000000.0,364832569.0,832569.0,0.22872774725274722,0.0,1785498534
1287,BNBIRT,114660573.0,114236342.0,114660573.0,424231.0,0.3713625564095881,0.0,1785498534
1288,XRPIRT,207512.0,207001.0,207494.0,493.0,0.23816310066134944,0.0,1785498534
1289,DOGEIRT,13439.0,13439.0,13477.0,38.0,0.28275913386412677,0.0,1785498534
1290,BTCIRT,12331907811.0,12329205358.0,12348336053.0,19130695.0,0.1551656773044724,0.0,1785498541
1291,ETHIRT,364771932.0,364000000.0,364677093.0,677093.0,0.18601456043956044,0.0,1785498541
1292,BNBIRT,114660573.0,114236342.0,114660573.0,424231.0,0.3713625564095881,0.0,1785498541
1293,SOLIRT,14231138.0,14194675.0,14230071.0,35396.0,0.24936111605232242,0.0,1785498541
1294,XRPIRT,207512.0,207001.0,207494.0,493.0,0.23816310066134944,0.0,1785498541
1295,DOGEIRT,13439.0,13439.0,13477.0,38.0,0.28275913386412677,0.0,1785498541
1296,BTCIRT,12331907811.0,12329205358.0,12348336053.0,19130695.0,0.1551656773044724,0.0,1785498548
1297,ETHIRT,364771932.0,364000000.0,364677093.0,677093.0,0.18601456043956044,0.0,1785498548
1298,BNBIRT,114660573.0,114236342.0,114660573.0,424231.0,0.3713625564095881,0.0,1785498548
1299,SOLIRT,14231138.0,14194675.0,14230071.0,35396.0,0.24936111605232242,0.0,1785498548
1300,XRPIRT,207512.0,207001.0,207494.0,493.0,0.23816310066134944,0.0,1785498548
1301,DOGEIRT,13439.0,13439.0,13477.0,38.0,0.28275913386412677,0.0,1785498548
1302,BTCIRT,12331907811.0,12329205358.0,12348336053.0,19130695.0,0.1551656773044724,0.0,1785498555
1303,ETHIRT,364771932.0,364000000.0,364677093.0,677093.0,0.18601456043956044,0.0,1785498555
1304,BNBIRT,114660573.0,114236342.0,114660573.0,424231.0,0.3713625564095881,0.0,1785498555
1305,SOLIRT,14231138.0,14194675.0,14230071.0,35396.0,0.24936111605232242,0.0,1785498555
1306,XRPIRT,207512.0,207001.0,207494.0,493.0,0.23816310066134944,0.0,1785498555
1307,DOGEIRT,13439.0,13439.0,13477.0,38.0,0.28275913386412677,0.0,1785498555
1308,BTCIRT,12331907811.0,12329205358.0,12348336053.0,19130695.0,0.1551656773044724,0.0,1785498562
1309,ETHIRT,364771932.0,364000000.0,364677093.0,677093.0,0.18601456043956044,0.0,1785498562
1310,BNBIRT,114660573.0,114236341.0,114660573.0,424232.0,0.3713634350385925,0.0,1785498562
1311,SOLIRT,14231138.0,14194675.0,14230071.0,35396.0,0.24936111605232242,0.0,1785498562
1312,XRPIRT,207512.0,207001.0,207494.0,493.0,0.23816310066134944,0.0,1785498562
1313,DOGEIRT,13439.0,13439.0,13477.0,38.0,0.28275913386412677,0.0,1785498562
1314,BTCIRT,12331907811.0,12329205359.0,12348336053.0,19130694.0,0.15516566918106436,0.0,1785498569
1315,ETHIRT,364771932.0,364000001.0,364677093.0,677092.0,0.18601428520325747,0.0,1785498569
1316,BNBIRT,114660573.0,114236342.0,114660573.0,424231.0,0.3713625564095881,0.0,1785498569
1317,SOLIRT,14231138.0,14194675.0,14230071.0,35396.0,0.24936111605232242,0.0,1785498569
1318,XRPIRT,207512.0,207001.0,207494.0,493.0,0.23816310066134944,0.0,1785498569
1319,DOGEIRT,13439.0,13439.0,13477.0,38.0,0.28275913386412677,0.0,1785498569
1320,BTCIRT,12331907811.0,12331254596.0,12348336053.0,17081457.0,0.13852164730700528,0.0,1785498576
1321,ETHIRT,364771932.0,364000001.0,364677093.0,677092.0,0.18601428520325747,0.0,1785498576
1322,BNBIRT,114660573.0,114236342.0,114660573.0,424231.0,0.3713625564095881,0.0,1785498576
1323,SOLIRT,14231138.0,14194676.0,14230071.0,35395.0,0.2493540535902334,0.0,1785498576
1324,XRPIRT,207512.0,207001.0,207494.0,493.0,0.23816310066134944,0.0,1785498576
1325,DOGEIRT,13439.0,13439.0,13477.0,38.0,0.28275913386412677,0.0,1785498576
1326,BTCIRT,12331907811.0,12329205358.0,12348336054.0,19130696.0,0.15516568541529518,0.0,1785498583
1327,ETHIRT,364771932.0,364000001.0,364677093.0,677092.0,0.18601428520325747,0.0,1785498583
1328,BNBIRT,114660573.0,114236342.0,114660573.0,424231.0,0.3713625564095881,0.0,1785498583
1329,SOLIRT,14231138.0,14194676.0,14230071.0,35395.0,0.2493540535902334,0.0,1785498583
1330,XRPIRT,207512.0,207001.0,207494.0,493.0,0.23816310066134944,0.0,1785498583
1331,DOGEIRT,13439.0,13439.0,13478.0,39.0,0.29020016370265644,0.0,1785498583
1332,BTCIRT,12331907811.0,12329205359.0,12348336054.0,19130695.0,0.15516567729188718,0.0,1785498590
1333,ETHIRT,364771932.0,364000001.0,364677093.0,677092.0,0.18601428520325747,0.0,1785498590
1334,BNBIRT,114660573.0,114236342.0,114660573.0,424231.0,0.3713625564095881,0.0,1785498590
1335,SOLIRT,14231138.0,14194676.0,14230071.0,35395.0,0.2493540535902334,0.0,1785498590
1336,XRPIRT,207512.0,207001.0,207494.0,493.0,0.23816310066134944,0.0,1785498590
1337,DOGEIRT,13439.0,13439.0,13477.0,38.0,0.28275913386412677,0.0,1785498590
1338,BTCIRT,12331907811.0,12329205359.0,12348336054.0,19130695.0,0.15516567729188718,0.0,1785498597
1339,ETHIRT,364771932.0,364000001.0,364677093.0,677092.0,0.18601428520325747,0.0,1785498597
1340,BNBIRT,114660573.0,114236342.0,114660573.0,424231.0,0.3713625564095881,0.0,1785498597
1341,SOLIRT,14231138.0,14194676.0,14230071.0,35395.0,0.2493540535902334,0.0,1785498597
1342,XRPIRT,207512.0,207001.0,207494.0,493.0,0.23816310066134944,0.0,1785498597
1343,DOGEIRT,13439.0,13439.0,13477.0,38.0,0.28275913386412677,0.0,1785498597
1344,ETHIRT,364771932.0,364000001.0,364677093.0,677092.0,0.18601428520325747,0.0,1785498644
1345,BNBIRT,114236342.0,114236342.0,114660573.0,424231.0,0.3713625564095881,0.0,1785498644
1346,SOLIRT,14231138.0,14194676.0,14230071.0,35395.0,0.2493540535902334,0.0,1785498644
1347,XRPIRT,207512.0,206922.0,207436.0,514.0,0.24840277979141898,0.0,1785498644
1348,DOGEIRT,13439.0,13441.0,13472.0,31.0,0.23063760136894576,0.0,1785498644
1349,BTCIRT,12331907811.0,12329205360.0,12348336053.0,19130693.0,0.15516566105765633,0.0,1785498651
1350,ETHIRT,364771932.0,364000001.0,364677093.0,677092.0,0.18601428520325747,0.0,1785498651
1351,BNBIRT,114236342.0,114236342.0,114660573.0,424231.0,0.3713625564095881,0.0,1785498651
1352,SOLIRT,14231138.0,14194676.0,14230071.0,35395.0,0.2493540535902334,0.0,1785498651
1353,XRPIRT,207512.0,206922.0,207436.0,514.0,0.24840277979141898,0.0,1785498651
1354,DOGEIRT,13439.0,13441.0,13472.0,31.0,0.23063760136894576,0.0,1785498651
1355,BTCIRT,12348336054.0,12329205358.0,12348336053.0,19130695.0,0.1551656773044724,0.0,1785498658
1356,ETHIRT,364771932.0,364000001.0,364677093.0,677092.0,0.18601428520325747,0.0,1785498658
1357,BNBIRT,114236342.0,114236342.0,114660573.0,424231.0,0.3713625564095881,0.0,1785498658
1358,SOLIRT,14231138.0,14191731.0,14232671.0,40940.0,0.28847784671228616,0.0,1785498658
1359,XRPIRT,207512.0,206873.0,207436.0,563.0,0.27214764614038567,0.0,1785498658
1360,DOGEIRT,13439.0,13437.0,13477.0,40.0,0.29768549527424276,0.0,1785498658
1361,BTCIRT,12348336054.0,12329205359.0,12348336053.0,19130694.0,0.15516566918106436,0.0,1785498665
1362,ETHIRT,364771932.0,364000001.0,364677093.0,677092.0,0.18601428520325747,0.0,1785498665
1363,BNBIRT,114236342.0,114236342.0,114660573.0,424231.0,0.3713625564095881,0.0,1785498665
1364,SOLIRT,14231138.0,14191731.0,14232671.0,40940.0,0.28847784671228616,0.0,1785498665
1365,XRPIRT,207512.0,206873.0,207427.0,554.0,0.2677971509090118,0.0,1785498665
1366,DOGEIRT,13439.0,13472.0,13475.0,3.0,0.022268408551068885,0.0,1785498665
1367,BTCIRT,12348336054.0,12329205359.0,12348336054.0,19130695.0,0.15516567729188718,0.0,1785498672
1368,ETHIRT,364771932.0,364000001.0,364901083.0,901082.0,0.2475499993199176,0.0,1785498672
1369,BNBIRT,114236342.0,114033656.0,114585911.0,552255.0,0.4842912341598519,0.0,1785498672
1370,SOLIRT,14231138.0,14173672.0,14232671.0,58999.0,0.41625769243143196,0.0,1785498672
1371,XRPIRT,207512.0,206873.0,207426.0,553.0,0.26731376254997025,0.0,1785498672
1372,DOGEIRT,13472.0,13421.0,13474.0,53.0,0.3949035094255271,0.0,1785498672
1373,BTCIRT,12348336054.0,12329205359.0,12348336054.0,19130695.0,0.15516567729188718,0.0,1785498679
1374,ETHIRT,364771932.0,364000001.0,364722681.0,722680.0,0.1985384609930262,0.0,1785498679
1375,BNBIRT,114236342.0,114033657.0,114585910.0,552253.0,0.48428947604477857,0.0,1785498679
1376,SOLIRT,14231138.0,14173673.0,14232671.0,58998.0,0.41625060772885053,0.0,1785498679
1377,XRPIRT,207512.0,206873.0,207349.0,476.0,0.23009285890377185,0.0,1785498679
1378,DOGEIRT,13472.0,13421.0,13473.0,52.0,0.38745249981372476,0.0,1785498679
1379,BTCIRT,12348336054.0,12329205359.0,12348336054.0,19130695.0,0.15516567729188718,0.0,1785498686
1380,ETHIRT,364771932.0,364000001.0,364722681.0,722680.0,0.1985384609930262,0.0,1785498686
1381,BNBIRT,114236342.0,114047662.0,114584631.0,536969.0,0.47082859094472274,0.0,1785498686
1382,SOLIRT,14231138.0,14173673.0,14232671.0,58998.0,0.41625060772885053,0.0,1785498686
1383,XRPIRT,207512.0,206873.0,207349.0,476.0,0.23009285890377185,0.0,1785498686
1384,DOGEIRT,13472.0,13423.0,13470.0,47.0,0.350145273038814,0.0,1785498686
1385,BTCIRT,12348336054.0,12329205359.0,12348336054.0,19130695.0,0.15516567729188718,0.0,1785498693
1386,ETHIRT,364771932.0,364000001.0,364722680.0,722679.0,0.19853818626775224,0.0,1785498693
1387,BNBIRT,114236342.0,114047663.0,114584630.0,536967.0,0.4708268331636046,0.0,1785498693
1388,SOLIRT,14231138.0,14173673.0,14232671.0,58998.0,0.41625060772885053,0.0,1785498693
1389,XRPIRT,207512.0,206873.0,207349.0,476.0,0.23009285890377185,0.0,1785498693
1390,DOGEIRT,13472.0,13424.0,13470.0,46.0,0.3426698450536353,0.0,1785498693
1391,BTCIRT,12348336054.0,12329205359.0,12348336054.0,19130695.0,0.15516567729188718,0.0,1785498700
1392,ETHIRT,364771932.0,364000001.0,364722680.0,722679.0,0.19853818626775224,0.0,1785498700
1393,BNBIRT,114236342.0,114047663.0,114584630.0,536967.0,0.4708268331636046,0.0,1785498700
1394,SOLIRT,14231138.0,14173673.0,14232671.0,58998.0,0.41625060772885053,0.0,1785498700
1395,XRPIRT,207512.0,206873.0,207349.0,476.0,0.23009285890377185,0.0,1785498700
1396,DOGEIRT,13472.0,13421.0,13469.0,48.0,0.3576484613665152,0.0,1785498700
1397,BTCIRT,12329205359.0,12329205359.0,12348336054.0,19130695.0,0.15516567729188718,0.0,1785498707
1398,ETHIRT,364771932.0,364000001.0,364722680.0,722679.0,0.19853818626775224,0.0,1785498707
1399,BNBIRT,114236342.0,114047663.0,114584630.0,536967.0,0.4708268331636046,0.0,1785498707
1400,SOLIRT,14231138.0,14173673.0,14232671.0,58998.0,0.41625060772885053,0.0,1785498707
1401,XRPIRT,207512.0,206873.0,207349.0,476.0,0.23009285890377185,0.0,1785498707
1402,DOGEIRT,13472.0,13421.0,13469.0,48.0,0.3576484613665152,0.0,1785498707
1403,BTCIRT,12312236886.0,12306260852.0,12348336054.0,42075202.0,0.34190078128534046,0.0,1785498714
1404,ETHIRT,364771932.0,364000001.0,364722680.0,722679.0,0.19853818626775224,0.0,1785498714
1405,BNBIRT,114236342.0,114047663.0,114584630.0,536967.0,0.4708268331636046,0.0,1785498714
1406,SOLIRT,14231138.0,14173673.0,14232671.0,58998.0,0.41625060772885053,0.0,1785498714
1407,XRPIRT,207512.0,206890.0,207409.0,519.0,0.2508579438348881,0.0,1785498714
1408,DOGEIRT,13472.0,13435.0,13472.0,37.0,0.27540007443245257,0.0,1785498714
1409,BTCIRT,12312236886.0,12306481676.0,12348336054.0,41854378.0,0.34010027481391425,0.0,1785498721
1410,ETHIRT,364771932.0,364000001.0,364783026.0,783025.0,0.21511675765077815,0.0,1785498721
1411,BNBIRT,114236342.0,114047663.0,114584630.0,536967.0,0.4708268331636046,0.0,1785498721
1412,SOLIRT,14231138.0,14173673.0,14232671.0,58998.0,0.41625060772885053,0.0,1785498721
1413,XRPIRT,207512.0,206891.0,207409.0,518.0,0.2503733850191647,0.0,1785498721
1414,DOGEIRT,13472.0,13450.0,13472.0,22.0,0.16356877323420074,0.0,1785498721
1415,BTCIRT,12312236886.0,12306260851.0,12348336054.0,42075203.0,0.34190078943906826,0.0,1785498729
1416,ETHIRT,364771932.0,364000001.0,364743384.0,743383.0,0.20422609834003821,0.0,1785498729
1417,BNBIRT,114236342.0,114469457.0,114584630.0,115173.0,0.10061461198335203,0.0,1785498729
1418,SOLIRT,14231138.0,14173673.0,14232671.0,58998.0,0.41625060772885053,0.0,1785498729
1419,XRPIRT,207512.0,206891.0,207409.0,518.0,0.2503733850191647,0.0,1785498729
1420,DOGEIRT,13472.0,13464.0,13472.0,8.0,0.05941770647653001,0.0,1785498729
1421,BTCIRT,12312236886.0,12306260852.0,12348336054.0,42075202.0,0.34190078128534046,0.0,1785498736
1422,ETHIRT,364771932.0,364000001.0,364705786.0,705785.0,0.19389697748929402,0.0,1785498736
1423,BNBIRT,114236342.0,114469457.0,114584630.0,115173.0,0.10061461198335203,0.0,1785498736
1424,SOLIRT,14231138.0,14175468.0,14231791.0,56323.0,0.3973272699003659,0.0,1785498736
1425,XRPIRT,207512.0,206891.0,207424.0,533.0,0.2576235795660517,0.0,1785498736
1426,DOGEIRT,13472.0,13464.0,13471.0,7.0,0.051990493166963754,0.0,1785498736
1427,BTCIRT,12312236886.0,12306260852.0,12348336054.0,42075202.0,0.34190078128534046,0.0,1785498743
1428,ETHIRT,364771932.0,364000001.0,364672529.0,672528.0,0.18476043905285594,0.0,1785498743
1429,BNBIRT,114236342.0,114469457.0,114584630.0,115173.0,0.10061461198335203,0.0,1785498743
1430,SOLIRT,14231138.0,14175469.0,14231790.0,56321.0,0.3973131329905204,0.0,1785498743
1431,XRPIRT,207424.0,206891.0,207424.0,533.0,0.2576235795660517,0.0,1785498743
1432,DOGEIRT,13472.0,13464.0,13471.0,7.0,0.051990493166963754,0.0,1785498743
1433,BTCIRT,12312236886.0,12318812355.0,12348336053.0,29523698.0,0.23966350934809735,0.0,1785498750
1434,ETHIRT,364771932.0,364000001.0,364672528.0,672527.0,0.18476016432758197,0.0,1785498750
1435,BNBIRT,114236342.0,114469457.0,114584630.0,115173.0,0.10061461198335203,0.0,1785498750
1436,SOLIRT,14231138.0,14179308.0,14228523.0,49215.0,0.3470902811336068,0.0,1785498750
1437,XRPIRT,207424.0,206891.0,207381.0,490.0,0.23683968853164228,0.0,1785498750
1438,DOGEIRT,13472.0,13464.0,13471.0,7.0,0.051990493166963754,0.0,1785498750
1439,BTCIRT,12318812355.0,12318812355.0,12348336054.0,29523699.0,0.23966351746576303,0.0,1785498757
1440,ETHIRT,364771932.0,364000001.0,364616376.0,616375.0,0.1693337907435885,0.0,1785498757
1441,BNBIRT,114236342.0,114469457.0,114584630.0,115173.0,0.10061461198335203,0.0,1785498757
1442,SOLIRT,14231138.0,14188336.0,14230458.0,42122.0,0.29687766063617327,0.0,1785498757
1443,XRPIRT,207424.0,206891.0,207381.0,490.0,0.23683968853164228,0.0,1785498757
1444,DOGEIRT,13472.0,13464.0,13471.0,7.0,0.051990493166963754,0.0,1785498757
1445,BTCIRT,12318812355.0,12318812357.0,12348336054.0,29523697.0,0.23966350119152155,0.0,1785498765
1446,ETHIRT,364771932.0,364000001.0,364616376.0,616375.0,0.1693337907435885,0.0,1785498765
1447,BNBIRT,114236342.0,114469457.0,114584630.0,115173.0,0.10061461198335203,0.0,1785498765
1448,SOLIRT,14231138.0,14188336.0,14230458.0,42122.0,0.29687766063617327,0.0,1785498765
1449,XRPIRT,207424.0,206891.0,207381.0,490.0,0.23683968853164228,0.0,1785498765
1450,DOGEIRT,13472.0,13464.0,13475.0,11.0,0.08169934640522876,0.0,1785498765
1451,BTCIRT,12318812355.0,12316766619.0,12348336054.0,31569435.0,0.2563126831623211,0.0,1785498772
1452,ETHIRT,364771932.0,364000001.0,364616376.0,616375.0,0.1693337907435885,0.0,1785498772
1453,BNBIRT,114236342.0,114469457.0,114584630.0,115173.0,0.10061461198335203,0.0,1785498772
1454,SOLIRT,14231138.0,14188336.0,14230458.0,42122.0,0.29687766063617327,0.0,1785498772
1455,XRPIRT,207424.0,206891.0,207381.0,490.0,0.23683968853164228,0.0,1785498772
1456,DOGEIRT,13472.0,13464.0,13475.0,11.0,0.08169934640522876,0.0,1785498772
1457,BTCIRT,12318812355.0,12322930934.0,12348336054.0,25405120.0,0.20616134372631387,0.0,1785498779
1458,ETHIRT,364771932.0,364000001.0,364616376.0,616375.0,0.1693337907435885,0.0,1785498779
1459,BNBIRT,114236342.0,114469457.0,114584630.0,115173.0,0.10061461198335203,0.0,1785498779
1460,SOLIRT,14231138.0,14188336.0,14230458.0,42122.0,0.29687766063617327,0.0,1785498779
1461,XRPIRT,207424.0,206891.0,207381.0,490.0,0.23683968853164228,0.0,1785498779
1462,DOGEIRT,13472.0,13464.0,13475.0,11.0,0.08169934640522876,0.0,1785498779
1463,BTCIRT,12318812355.0,12316766619.0,12348336054.0,31569435.0,0.2563126831623211,0.0,1785498786
1464,ETHIRT,364771932.0,364000001.0,364616376.0,616375.0,0.1693337907435885,0.0,1785498786
1465,BNBIRT,114236342.0,114469457.0,114584630.0,115173.0,0.10061461198335203,0.0,1785498786
1466,SOLIRT,14231138.0,14195409.0,14229724.0,34315.0,0.24173308426689222,0.0,1785498786
1467,XRPIRT,207424.0,206891.0,207381.0,490.0,0.23683968853164228,0.0,1785498786
1468,DOGEIRT,13472.0,13466.0,13478.0,12.0,0.08911332244170504,0.0,1785498786
1469,BTCIRT,12318812355.0,12324128095.0,12348336054.0,24207959.0,0.19642735626726704,0.0,1785498793
1470,ETHIRT,364771932.0,364000001.0,364616376.0,616375.0,0.1693337907435885,0.0,1785498793
1471,BNBIRT,114236342.0,114469457.0,114584630.0,115173.0,0.10061461198335203,0.0,1785498793
1472,SOLIRT,14231138.0,14190266.0,14234567.0,44301.0,0.3121928792596277,0.0,1785498793
1473,XRPIRT,207424.0,206891.0,207381.0,490.0,0.23683968853164228,0.0,1785498793
1474,DOGEIRT,13472.0,13466.0,13472.0,6.0,0.04455666122085252,0.0,1785498793
